"ISIN","Issue.Date","Year","Issue.Price"
"GB3923556173",2014-09-28,2014,99.6581
"GB0751998821",2014-11-15,2014,99.6744
"GB5827011645",2014-02-04,2014,100.5068
"GB4433780939",2009-06-09,2009,100.2728
"GB7176148990",2019-09-30,2019,100.4848
"GB5771677974",2016-03-04,2016,101.5441
"GB3987573924",2013-01-15,2013,100.237
"GB0152179095",2011-02-15,2011,99.8893
"GB7488175541",2017-03-24,2017,98.0502
"GB7333879301",2022-08-23,2022,101.7789
"GB7561934232",2022-09-07,2022,99.3645
"GB1310933954",2022-01-20,2022,101.5378
"GB1351428432",2017-06-07,2017,100.0166
"GB4178772135",2021-01-12,2021,100.9017
"GB0593135534",2012-06-14,2012,99.6482
"GB4993667667",2015-07-19,2015,100.439
"GB2581710799",2021-12-24,2021,99.8943
"GB3842830859",2022-04-07,2022,99.59
"GB5384111748",2010-08-10,2010,99.64
"GB2541834001",2020-03-01,2020,100.8904
"GB9996464314",2010-10-13,2010,99.5784
"GB2250241794",2013-07-05,2013,98.1817
"GB2742330368",2022-12-27,2022,99.5826
"GB5452060912",2015-11-27,2015,100.4606
"GB8306319233",2015-01-10,2015,100.5189
"GB8172941394",2011-12-20,2011,100.2006
"GB6119488081",2023-10-17,2023,98.163
"GB5184873247",2012-11-24,2012,100.0121
"GB2021411955",2019-10-16,2019,100.4678
"GB0266291340",2016-02-27,2016,100.7026
"GB7982479200",2012-06-01,2012,99.5605
"GB1978290125",2009-07-08,2009,99.4868
"GB2971248990",2020-03-26,2020,101.2516
"GB8230059669",2011-03-12,2011,98.463
"GB1438666648",2015-02-04,2015,99.7177
"GB7825211549",2014-12-12,2014,100.0795
"GB5076863190",2012-12-03,2012,98.5011
"GB0519910177",2010-06-23,2010,99.9443
"GB5149716438",2010-11-12,2010,101.1599
"GB9130929904",2016-03-22,2016,99.7285
"GB3538364472",2020-01-22,2020,99.9082
"GB1631224431",2016-10-11,2016,100.0928
"GB1525691916",2018-12-08,2018,99.4677
"GB1075183558",2022-08-18,2022,100.3503
"GB6876385818",2008-06-14,2008,100.4195
"GB8187989119",2008-08-04,2008,99.7336
"GB4913533937",2011-08-06,2011,98.8366
"GB4113007185",2015-03-13,2015,99.0474
"GB7789192762",2009-08-10,2009,99.2806
"GB1218102392",2012-05-17,2012,100.3381
"GB5437360172",2019-08-07,2019,98.2422
"GB4382038054",2021-03-10,2021,98.2969
"GB1686339908",2018-10-11,2018,99.1827
"GB3750602571",2019-03-12,2019,100.0316
"GB7130537699",2015-12-16,2015,99.3551
"GB1413705725",2019-08-19,2019,100.4061
"GB5156405313",2008-10-20,2008,99.9852
"GB3095801656",2008-10-03,2008,99.6018
"GB1459765301",2023-04-14,2023,100.0728
"GB0478009918",2008-02-10,2008,100.027
"GB3803810865",2008-11-11,2008,99.3924
"GB2673008342",2015-09-22,2015,100.2258
"GB8705489840",2015-08-26,2015,100.5425
"GB3319424509",2014-11-08,2014,100.0026
"GB6183196272",2018-09-30,2018,99.1795
"GB4256477290",2011-03-28,2011,100.3821
"GB3338464031",2010-01-21,2010,100.6085
"GB0913391752",2016-12-24,2016,99.9417
"GB3101746148",2009-01-08,2009,99.8412
"GB6878909604",2013-01-15,2013,99.6741
"GB2162189887",2013-09-12,2013,101.3756
"GB3923693042",2020-08-16,2020,100.3302
"GB3042008235",2019-04-01,2019,99.6112
"GB8827090656",2013-10-17,2013,97.8241
"GB4790097237",2010-01-24,2010,98.541
"GB4290031487",2022-11-10,2022,99.6725
"GB4193113813",2022-04-05,2022,99.8885
"GB1963961159",2010-10-02,2010,99.9422
"GB0776979291",2015-01-28,2015,100.6748
"GB0653608863",2014-05-27,2014,99.5839
"GB6193306156",2011-12-18,2011,100.6554
"GB7320737204",2018-10-26,2018,98.9791
"GB6941937313",2017-03-11,2017,98.8125
"GB0654616130",2018-11-23,2018,98.7452
"GB4671021092",2021-01-18,2021,100.2962
"GB9013619007",2011-02-07,2011,99.6685
"GB2760967565",2016-11-03,2016,100.3323
"GB8943546928",2022-03-11,2022,99.528
"GB0190931583",2023-05-04,2023,98.9998
"GB6575825872",2013-04-17,2013,99.4514
"GB9131655898",2012-02-09,2012,98.3225
"GB2174461039",2020-07-11,2020,99.2304
"GB3145666662",2018-05-10,2018,98.5832
"GB5950034002",2013-03-28,2013,100.5335
"GB1808189319",2011-01-13,2011,99.2773
"GB3638256256",2019-08-31,2019,100.3321
"GB5082456434",2010-12-10,2010,100.885
"GB2551937918",2016-08-11,2016,99.5857
"GB9497899399",2011-10-17,2011,99.9475
"GB1587111671",2014-04-02,2014,98.3997
"GB5115788081",2020-11-18,2020,99.4973
"GB1951201155",2014-07-05,2014,99.7744
"GB0983936869",2019-07-24,2019,99.9591
"GB5832051572",2019-01-26,2019,99.154
"GB6775935383",2014-03-09,2014,101.7737
"GB7693033201",2009-11-16,2009,99.3829
"GB1380039230",2018-07-23,2018,99.7289
"GB6139542217",2021-10-05,2021,100.2258
"GB3998642453",2010-04-26,2010,99.7118
"GB2687517311",2010-09-09,2010,99.2421
"GB5292154167",2020-11-27,2020,100.9151
"GB4940862900",2020-07-08,2020,101.3488
"GB3895114425",2008-05-30,2008,99.709
"GB6137203510",2012-06-25,2012,100.1593
"GB2730044757",2014-01-16,2014,99.6575
"GB6654834097",2014-10-09,2014,100.5047
"GB2443418400",2010-10-25,2010,98.8522
"GB7402172543",2008-11-21,2008,101.4968
"GB7398424687",2018-07-22,2018,99.221
"GB5822711928",2015-10-07,2015,98.9404
"GB5121150748",2013-05-09,2013,99.4647
"GB2210776790",2022-09-01,2022,99.8432
"GB8651513155",2019-03-16,2019,100.9665
"GB2173851087",2022-12-11,2022,100.4247
"GB5734194486",2010-09-11,2010,99.84
"GB1989989960",2010-09-12,2010,98.6748
"GB0865236336",2019-08-03,2019,99.0729
"GB0617402606",2014-11-07,2014,99.6074
"GB7159860660",2012-10-27,2012,101.6734
"GB1270283372",2012-05-02,2012,98.3167
"GB3419365386",2020-10-28,2020,100.9803
"GB7276610640",2019-03-07,2019,99.3306
"GB1455077388",2013-09-17,2013,100.9988
"GB3022554698",2014-02-21,2014,98.8651
"GB6599922673",2012-11-27,2012,99.8408
"GB6400301381",2021-01-27,2021,98.8953
"GB9245905840",2023-09-04,2023,100.1372
"GB5718338949",2010-09-11,2010,100.8602
"GB3312347201",2012-12-12,2012,101.2153
"GB2622693701",2008-12-09,2008,100.3383
"GB3912551841",2014-11-11,2014,101.1336
"GB4124305200",2016-03-10,2016,100.6796
"GB5298161997",2016-06-18,2016,99.6313
"GB1448294049",2008-07-13,2008,100.0944
"GB4471957684",2016-11-09,2016,98.9923
"GB7901902229",2016-07-20,2016,99.5907
"GB5197812674",2021-08-11,2021,100.6603
"GB4873567925",2014-02-02,2014,100.1433
"GB8215010261",2020-09-23,2020,100.4679
"GB1178845329",2015-11-14,2015,99.2604
"GB2726823266",2013-11-01,2013,99.2718
"GB6657433811",2023-06-13,2023,98.8684
"GB6208380108",2019-01-05,2019,100.0323
"GB2267315052",2017-06-25,2017,98.9782
"GB2843242622",2011-08-18,2011,100.1591
"GB0354961790",2018-10-23,2018,98.8309
"GB9481879935",2021-02-22,2021,101.1224
"GB6788615047",2015-04-20,2015,100.4003
"GB7308011390",2017-08-02,2017,99.1984
"GB4771660030",2015-07-20,2015,100.2333
"GB4123003535",2018-06-29,2018,99.4119
"GB8335917097",2009-12-12,2009,100.0139
"GB4379151907",2011-12-22,2011,99.9168
"GB3261070461",2021-01-19,2021,98.9603
"GB5792487456",2022-09-13,2022,99.1297
"GB0098792126",2013-01-01,2013,99.9595
"GB5160975951",2017-08-01,2017,100.9783
"GB9212654083",2016-05-26,2016,100.5566
"GB4111068606",2014-09-11,2014,99.2566
"GB8200112546",2016-05-18,2016,100.3598
"GB6414748938",2009-06-11,2009,99.6947
"GB9815250620",2019-02-06,2019,99.9608
"GB1039173454",2012-04-17,2012,99.9296
"GB3466999119",2009-04-17,2009,101.6905
"GB1405597614",2011-02-22,2011,98.8301
"GB0012519980",2013-07-29,2013,99.8084
"GB6007673226",2014-05-01,2014,98.3777
"GB7966871459",2015-09-23,2015,100.4986
"GB0593433790",2013-04-10,2013,100.5657
"GB4081534017",2017-02-05,2017,100.8312
"GB2836195047",2009-04-02,2009,98.2673
"GB5004374320",2016-10-28,2016,100.0456
"GB2861510868",2021-06-27,2021,100.9435
"GB6532770080",2010-12-13,2010,99.4167
"GB9758671857",2021-09-23,2021,99.5702
"GB6873148618",2023-06-28,2023,99.4222
"GB0129613982",2011-08-05,2011,100.0092
"GB7685165215",2008-07-03,2008,100.2375
"GB0468390758",2009-02-16,2009,100.7339
"GB0729490049",2020-12-05,2020,100.0474
"GB9683230678",2015-01-13,2015,100.1993
"GB6264433591",2011-08-25,2011,101.624
"GB7954547097",2021-05-06,2021,100.0595
"GB7606976232",2012-04-09,2012,99.8752
"GB0507220018",2009-07-17,2009,98.7107
"GB8088772111",2010-03-04,2010,99.7338
"GB5807912064",2011-11-15,2011,99.5633
"GB9468418799",2018-05-26,2018,99.6716
"GB0936533054",2011-10-01,2011,99.2939
"GB0774036379",2019-08-26,2019,99.2092
"GB9732168002",2017-10-20,2017,99.1834
"GB8876343925",2016-02-15,2016,99.5684
"GB3985228348",2016-07-25,2016,100.7722
"GB7784641921",2020-11-25,2020,100.9179
"GB9866799346",2008-12-22,2008,99.4578
"GB0494804220",2008-10-05,2008,98.4493
"GB7406286852",2019-12-14,2019,99.0892
"GB4840458790",2016-10-05,2016,99.3834
"GB6432565543",2014-03-15,2014,99.8104
"GB7186169575",2009-09-09,2009,99.2276
"GB8884567841",2013-03-19,2013,101.2579
"GB7817794906",2008-12-02,2008,99.5245
"GB3645602310",2013-09-04,2013,98.8083
"GB7364497584",2009-06-22,2009,99.6242
"GB8386320635",2021-11-24,2021,98.9669
"GB4840276353",2010-08-13,2010,99.8504
"GB6007133120",2023-11-03,2023,99.6277
"GB0021624713",2017-12-03,2017,100.0021
"GB1056671333",2017-06-23,2017,98.498
"GB5579259414",2023-05-19,2023,99.6179
"GB7551479840",2016-03-26,2016,99.9677
"GB8113772301",2011-12-15,2011,98.6507
"GB9174405022",2022-03-04,2022,100.4583
"GB8481711706",2014-01-19,2014,100.328
"GB0410303187",2014-04-04,2014,101.4807
"GB5477839748",2023-11-10,2023,99.5692
"GB5665266287",2015-03-10,2015,100.0855
"GB9222813101",2014-07-05,2014,99.8051
"GB7965157535",2023-01-30,2023,99.5031
"GB9290840147",2019-07-14,2019,98.3257
"GB0293470537",2020-12-26,2020,98.8489
"GB9373911208",2010-12-14,2010,99.6726
"GB7442733238",2011-05-25,2011,99.2896
"GB4801093909",2015-02-17,2015,100.0916
"GB4295940119",2012-09-01,2012,98.1258
"GB0396614009",2010-05-22,2010,98.5917
"GB6442137568",2010-01-26,2010,98.8938
"GB3987896765",2010-09-14,2010,100.4816
"GB5426824583",2014-10-30,2014,98.8961
"GB7876195822",2015-11-08,2015,99.4419
"GB1528560097",2015-11-18,2015,100.1108
"GB7622500992",2021-02-27,2021,99.4861
"GB8469811279",2023-04-19,2023,99.5614
"GB7655763684",2011-05-18,2011,101.4848
"GB4810426763",2020-03-02,2020,99.2646
"GB1625896061",2011-11-25,2011,99.4993
"GB1477959944",2018-06-05,2018,99.287
"GB1834507168",2014-02-02,2014,100.8819
"GB3376679786",2020-04-08,2020,99.5347
"GB3906041666",2011-03-10,2011,99.6692
"GB4602283040",2013-09-02,2013,100.3303
"GB2618314342",2016-05-28,2016,98.9264
"GB7966466165",2022-05-16,2022,100.9905
"GB0036341823",2014-01-21,2014,100.2456
"GB5108660669",2023-12-10,2023,98.633
"GB8965844701",2012-05-30,2012,100.0774
"GB7397798254",2023-01-18,2023,99.2878
"GB0360898089",2018-07-19,2018,99.9182
"GB5906224016",2023-03-27,2023,99.3816
"GB0725802461",2009-12-10,2009,100.5458
"GB9650333137",2011-06-11,2011,98.704
"GB2876735427",2014-10-05,2014,99.3341
"GB8775302221",2014-12-30,2014,99.5421
"GB7391179490",2018-10-26,2018,98.9226
"GB5443569228",2013-10-12,2013,98.9406
"GB5853263566",2023-05-04,2023,99.4363
"GB1393732041",2016-04-22,2016,99.6311
"GB5639460799",2014-05-27,2014,97.7926
"GB8645935482",2011-09-08,2011,100.5231
"GB6354841325",2010-03-01,2010,99.9215
"GB0525659347",2013-06-09,2013,101.5694
"GB7291319487",2021-09-09,2021,100.2528
"GB1405524394",2011-09-02,2011,99.3916
"GB1555819825",2021-06-03,2021,101.8593
"GB7423699532",2022-08-16,2022,101.8858
"GB3515840140",2022-10-20,2022,98.8046
"GB1783542213",2018-01-04,2018,100.0367
"GB1488034231",2020-01-05,2020,99.9593
"GB5031483388",2022-08-20,2022,99.8739
"GB7888422295",2012-09-03,2012,99.9047
"GB4822928685",2020-01-10,2020,99.1602
"GB8668033272",2021-07-26,2021,99.9488
"GB1134550072",2020-11-13,2020,101.4505
"GB6810409596",2013-01-08,2013,99.6068
"GB5946962258",2016-07-07,2016,99.6077
"GB1329101226",2011-06-14,2011,100.7954
"GB1301670558",2020-11-27,2020,100.8033
"GB2514266658",2010-11-22,2010,98.4778
"GB9496148382",2008-03-23,2008,99.9054
"GB0889890413",2017-06-29,2017,100.9893
"GB2511713612",2010-05-15,2010,100.8081
"GB9371242869",2014-05-13,2014,100.051
"GB9311159582",2022-01-05,2022,100.2802
"GB4879274100",2019-06-03,2019,98.8212
"GB2269730073",2022-04-10,2022,99.9599
"GB8291984749",2014-06-28,2014,99.0056
"GB1227673404",2013-12-02,2013,99.3832
"GB8650907947",2023-01-18,2023,100.1616
"GB1566078404",2015-04-09,2015,99.1853
"GB4426551354",2022-12-30,2022,99.9346
"GB0538712666",2009-11-12,2009,100.0574
"GB8725238993",2011-12-18,2011,99.7734
"GB7372505082",2016-09-02,2016,101.1176
"GB5883084787",2012-04-10,2012,98.954
"GB4610708447",2018-06-10,2018,100.141
"GB5490528162",2010-09-15,2010,99.664
"GB4039981020",2019-02-03,2019,99.5332
"GB4741151666",2013-05-14,2013,100.0846
"GB4852224763",2018-12-20,2018,98.9039
"GB8484305862",2023-12-21,2023,98.451
"GB3005065170",2015-03-25,2015,99.6739
"GB9367075874",2023-03-29,2023,100.7824
"GB8567282258",2011-09-23,2011,99.774
"GB3047760411",2019-11-17,2019,99.9837
"GB6339113385",2013-11-23,2013,99.5872
"GB8007795140",2018-11-02,2018,100.0379
"GB2708733411",2020-12-03,2020,99.3962
"GB6027124039",2017-05-28,2017,100.6123
"GB5341440685",2009-01-20,2009,100.1763
"GB6833649561",2014-09-16,2014,99.1182
"GB1839018205",2020-06-22,2020,100.1615
"GB8160800875",2008-05-20,2008,100.2764
"GB0435531213",2008-01-31,2008,100.1558
"GB1623382506",2022-05-01,2022,100.8588
"GB0971305274",2019-06-21,2019,99.2654
"GB2294864509",2018-05-13,2018,100.5289
"GB2923685253",2019-04-04,2019,100.52
"GB3149374355",2018-05-08,2018,99.5564
"GB2200670450",2008-06-26,2008,98.9893
"GB2901594145",2017-07-20,2017,98.9032
"GB2922204607",2017-09-05,2017,100.0798
"GB0068791318",2023-02-22,2023,99.3959
"GB7760272566",2020-08-24,2020,101.4732
"GB3330470241",2023-03-19,2023,99.857
"GB4714761437",2021-09-28,2021,99.4487
"GB6295404797",2023-08-07,2023,98.67
"GB2246694301",2008-07-22,2008,99.2886
"GB6023094872",2016-11-20,2016,99.9924
"GB9432111714",2019-01-01,2019,99.3886
"GB2465287280",2014-08-17,2014,100.1227
"GB2678923190",2014-08-28,2014,99.4773
"GB5931868995",2022-05-08,2022,99.6513
"GB0814444764",2017-07-06,2017,99.176
"GB3047359216",2014-06-20,2014,101.1806
"GB3905539206",2008-09-15,2008,99.9846
"GB9533422738",2020-07-25,2020,100.2954
"GB0391295636",2022-10-22,2022,98.4448
"GB2691028228",2011-09-16,2011,100.2334
"GB9373026650",2016-05-21,2016,98.953
"GB6275180494",2022-04-24,2022,99.0535
"GB9415959372",2011-08-17,2011,100.4301
"GB3064456719",2019-03-29,2019,99.3873
"GB6093675261",2019-09-05,2019,98.4018
"GB6989992028",2017-03-05,2017,101.0778
"GB7986900063",2019-02-22,2019,97.9233
"GB8610457047",2014-09-15,2014,100.1673
"GB6947140532",2011-05-17,2011,100.5053
"GB6747047646",2017-09-09,2017,99.2517
"GB7927136730",2013-01-24,2013,100.0695
"GB2842646472",2012-07-30,2012,100.0656
"GB3476457333",2017-06-28,2017,100.5231
"GB9890989376",2019-07-05,2019,100.0998
"GB1167957062",2019-03-27,2019,99.5453
"GB1589876463",2020-12-04,2020,100.8167
"GB3621896277",2019-12-05,2019,100.3406
"GB5671036396",2015-02-01,2015,99.3376
"GB3215144362",2022-03-21,2022,98.6662
"GB3982147484",2014-05-18,2014,99.8535
"GB6354736725",2012-05-27,2012,99.5232
"GB3209782193",2017-02-20,2017,98.982
"GB9707010258",2022-09-25,2022,99.7954
"GB9127068092",2012-10-25,2012,98.7276
"GB9093587360",2008-07-22,2008,99.8542
"GB9490072271",2023-12-30,2023,98.9747
"GB0062393659",2022-08-13,2022,100.4596
"GB3625172732",2017-05-16,2017,101.5757
"GB9273766493",2009-10-28,2009,99.0349
"GB3210084200",2021-12-03,2021,100.5361
"GB5716268586",2022-05-05,2022,100.3592
"GB5387770940",2020-06-13,2020,100.0666
"GB1951079556",2010-05-05,2010,99.3866
"GB2447441156",2013-05-01,2013,100.9298
"GB8803678148",2023-08-08,2023,97.9246
"GB3159154233",2015-04-23,2015,99.5608
"GB8813044312",2013-05-13,2013,98.6387
"GB8643683383",2009-10-07,2009,100.7929
"GB8537367853",2010-11-25,2010,99.5866
"GB1014624686",2016-07-23,2016,99.3325
"GB9305240715",2017-10-01,2017,102.1534
"GB4119376410",2011-06-17,2011,99.6935
"GB3390357300",2021-08-26,2021,99.3941
"GB6804701858",2012-07-13,2012,99.9597
"GB8091724050",2013-02-28,2013,98.5387
"GB2573865628",2011-08-20,2011,100.1045
"GB7989019449",2019-03-07,2019,99.6585
"GB1474354811",2016-06-08,2016,100.088
"GB0929278573",2009-10-26,2009,98.9844
"GB2848050705",2017-07-25,2017,98.9535
"GB4928522887",2013-07-27,2013,99.2042
"GB3758921817",2023-09-10,2023,98.8659
"GB8058399087",2016-09-11,2016,100.7197
"GB5263006112",2021-05-20,2021,100.9327
"GB8522257992",2023-01-29,2023,99.3307
"GB1023831292",2014-11-15,2014,99.4586
"GB8718610483",2011-04-18,2011,99.4813
"GB6212499233",2019-12-22,2019,99.7843
"GB0972591765",2008-08-28,2008,99.8053
"GB3017579041",2019-04-12,2019,99.9522
"GB0225072722",2012-09-22,2012,99.1637
"GB3667387291",2013-09-15,2013,99.0875
"GB5465990994",2015-06-26,2015,100.9605
"GB5935652850",2022-11-05,2022,99.3143
"GB6527784381",2012-10-08,2012,99.9621
"GB1859393488",2018-11-27,2018,99.6367
"GB5535512200",2023-11-08,2023,98.7215
"GB8110950982",2009-01-12,2009,100.1812
"GB7944884776",2009-07-02,2009,99.8633
"GB4157255800",2023-09-13,2023,100.5147
"GB9912738776",2011-06-21,2011,99.8209
"GB6093562567",2013-09-26,2013,99.4794
"GB2040336862",2019-01-12,2019,99.9433
"GB0970232424",2020-04-15,2020,99.2182
"GB3032566719",2016-10-15,2016,99.0958
"GB3409816214",2017-03-24,2017,100.1197
"GB9634624387",2011-10-26,2011,99.4782
"GB7921463782",2021-01-17,2021,99.6814
"GB4233565591",2022-07-14,2022,99.644
"GB9339682633",2008-11-06,2008,99.2368
"GB7681962879",2011-12-12,2011,98.1962
"GB9489526820",2023-01-23,2023,99.7153
"GB2950712375",2013-09-16,2013,100.3109
"GB6876564713",2011-01-12,2011,98.7514
"GB0184630759",2008-11-14,2008,100.8591
"GB3460954264",2015-12-03,2015,100.3429
"GB1118053946",2013-02-04,2013,100.7521
"GB4394925570",2012-07-23,2012,99.0036
"GB6000157465",2008-04-29,2008,99.8585
"GB2135208584",2015-07-22,2015,99.9739
"GB2420618793",2012-04-05,2012,100.3161
"GB6836583906",2017-10-10,2017,99.2936
"GB5860348019",2009-08-21,2009,99.7239
"GB3721505184",2022-11-17,2022,98.3788
"GB6570775128",2022-03-02,2022,99.1401
"GB9082171757",2008-05-13,2008,99.8267
"GB9749493254",2020-05-16,2020,99.5828
"GB3162011626",2015-09-04,2015,100.0169
"GB6701058592",2016-10-04,2016,99.3757
"GB6477459380",2010-05-28,2010,100.1932
"GB0895426963",2009-10-29,2009,100.6204
"GB5770334127",2008-02-18,2008,99.106
"GB2203173237",2023-04-27,2023,99.2165
"GB3231500948",2017-01-23,2017,100.8267
"GB1245075202",2008-07-11,2008,98.0591
"GB0917094997",2015-07-19,2015,99.8067
"GB7261547116",2020-01-16,2020,101.6904
"GB1347586180",2014-02-15,2014,101.4
"GB4940464948",2018-02-12,2018,99.7991
"GB4912299658",2008-07-09,2008,99.0747
"GB5150263618",2018-02-15,2018,99.8058
"GB9001890676",2023-09-25,2023,98.9535
"GB9370691257",2021-06-13,2021,100.8366
"GB4496926290",2018-11-18,2018,99.0666
"GB5374180571",2013-10-09,2013,100.0152
"GB8830111584",2011-12-16,2011,100.2031
"GB8847347212",2016-09-14,2016,99.1554
"GB3290563202",2011-08-08,2011,100.3793
"GB9830977209",2011-10-28,2011,99.1627
"GB5493180128",2023-06-25,2023,99.9294
"GB8074047446",2013-12-02,2013,100.5657
"GB1331612306",2016-02-25,2016,98.9798
"GB0920081363",2023-08-29,2023,100.2927
"GB9788482143",2018-03-04,2018,99.3077
"GB2020916891",2021-10-24,2021,99.9555
"GB4018936605",2023-02-23,2023,99.6035
"GB7792193250",2021-02-14,2021,99.4067
"GB8912125855",2022-07-28,2022,99.9355
"GB6195162907",2010-01-27,2010,98.7957
"GB1867852514",2021-12-06,2021,99.6281
"GB6198764970",2017-01-30,2017,100.3597
"GB5494656906",2012-01-03,2012,98.078
"GB3683057347",2016-03-13,2016,98.5999
"GB9825612804",2008-09-07,2008,98.8478
"GB7702108399",2015-02-20,2015,98.8413
"GB8732226921",2009-10-04,2009,100.0507
"GB7406734441",2015-02-05,2015,99.2948
"GB2662782146",2010-09-16,2010,98.0852
"GB9290554757",2014-01-18,2014,99.2467
"GB9902379970",2022-11-24,2022,99.4345
"GB0547054189",2015-03-08,2015,100.7017
"GB5964059385",2017-08-14,2017,98.8921
"GB5493899027",2009-10-26,2009,100.6149
"GB7762609534",2012-02-25,2012,100.0346
"GB2059172257",2023-03-06,2023,99.7256
"GB4219221894",2009-03-20,2009,99.0832
"GB9950039634",2016-04-30,2016,101.2176
"GB5881396730",2008-04-04,2008,99.6067
"GB2976725681",2018-12-03,2018,98.292
"GB9273430407",2017-09-05,2017,99.5765
"GB0408304823",2009-01-13,2009,98.2603
"GB3392298329",2011-09-27,2011,99.4954
"GB2310495544",2014-03-18,2014,99.4105
"GB1788673318",2009-09-11,2009,100.2502
"GB9218497723",2009-03-23,2009,100.4994
"GB7125109225",2008-08-29,2008,99.1793
"GB7673279086",2015-11-01,2015,100.6631
"GB7596526508",2009-02-10,2009,100.8149
"GB9572558728",2015-10-03,2015,99.4536
"GB9051248321",2012-02-06,2012,99.2354
"GB8153413709",2015-07-09,2015,100.545
"GB2392025272",2012-01-04,2012,99.8708
"GB7870879494",2016-11-16,2016,100.149
"GB4465922395",2016-06-21,2016,100.8
"GB8562761707",2019-10-23,2019,100.026
"GB7058744561",2017-09-25,2017,100.5315
"GB8487651768",2020-12-26,2020,100.5938
"GB8444067954",2008-03-19,2008,100.0614
"GB4388883700",2012-03-10,2012,100.0253
"GB5983401552",2016-11-09,2016,100.7138
"GB7262097135",2020-10-18,2020,99.3577
"GB5455541070",2013-01-04,2013,98.891
"GB9757296544",2016-02-24,2016,100.1818
"GB6190780848",2020-05-14,2020,100.029
"GB7650662695",2020-07-24,2020,100.1763
"GB9162665448",2021-03-18,2021,100.2954
"GB9025471018",2012-12-24,2012,100.3046
"GB0884878680",2014-03-06,2014,99.5318
"GB8950476409",2020-11-07,2020,99.8823
"GB8353917464",2018-04-22,2018,99.736
"GB9285215021",2010-05-26,2010,100.5401
"GB3986396487",2014-08-02,2014,100.0556
"GB5692813776",2022-02-16,2022,100.8215
"GB1219098071",2010-06-22,2010,99.7258
"GB6444898212",2021-07-14,2021,100.5878
"GB0563088677",2020-06-11,2020,100.7916
"GB6589523038",2011-06-09,2011,100.1972
"GB2451392394",2011-09-19,2011,100.047
"GB9898776351",2014-09-09,2014,99.5187
"GB1356940224",2018-05-29,2018,99.5971
"GB4472793247",2013-02-06,2013,99.9061
"GB0964888210",2015-05-10,2015,100.0872
"GB8431088064",2019-04-29,2019,100.449
"GB9848443636",2017-02-17,2017,99.6485
"GB5142856197",2018-04-26,2018,99.6265
"GB9189151722",2008-07-19,2008,99.3632
"GB1890827773",2008-02-21,2008,99.6264
"GB1187906209",2022-08-19,2022,99.6793
"GB8701162167",2013-10-15,2013,97.9718
"GB3246281849",2009-11-10,2009,98.6935
"GB1538865675",2018-07-08,2018,99.6249
"GB5527342865",2009-07-30,2009,99.5298
"GB9775030499",2020-06-18,2020,99.2066
"GB9636488799",2010-10-11,2010,98.2168
"GB4520509049",2013-04-10,2013,99.4621
"GB3512649629",2019-01-27,2019,100.2286
"GB6296110099",2023-07-01,2023,100.7987
"GB2361209562",2022-01-26,2022,99.7023
"GB8707796243",2011-05-14,2011,100.8673
"GB2638649220",2013-12-11,2013,99.7947
"GB9074608823",2015-03-24,2015,100.1379
"GB6014591490",2018-07-13,2018,99.9271
"GB5160704866",2015-08-19,2015,99.3878
"GB4112097417",2017-03-06,2017,99.6923
"GB4686905485",2013-11-08,2013,100.4226
"GB6705008747",2013-06-26,2013,99.1614
"GB7271839497",2009-08-28,2009,99.487
"GB6986842789",2016-06-06,2016,98.8586
"GB1692665438",2010-04-18,2010,100.0011
"GB8249377629",2015-08-26,2015,100.3731
"GB0188424095",2016-11-12,2016,100.2247
"GB2400089117",2020-07-30,2020,99.1922
"GB0372281681",2009-08-21,2009,99.8132
"GB4043552242",2012-07-15,2012,99.0135
"GB2315006570",2010-07-19,2010,99.7313
"GB0971498454",2016-01-28,2016,100.7528
"GB8343185888",2008-03-11,2008,99.3486
"GB6126497475",2019-01-24,2019,100.2767
"GB2788400281",2019-06-08,2019,99.1614
"GB7699288308",2018-12-29,2018,99.316
"GB2818942855",2021-08-11,2021,100.0653
"GB4371904999",2021-08-31,2021,99.2151
"GB5813307140",2017-08-09,2017,98.4363
"GB6404654782",2008-09-26,2008,100.6939
"GB8056415887",2011-12-06,2011,100.0057
"GB7647064662",2023-10-14,2023,99.0061
"GB8475009233",2015-06-13,2015,98.5333
"GB6908676588",2020-12-06,2020,101.5668
"GB6447994605",2022-02-21,2022,102.3103
"GB3291057102",2013-10-12,2013,99.8894
"GB8980236193",2015-01-22,2015,100.6964
"GB7813566291",2023-09-08,2023,100.3814
"GB4665162454",2017-01-06,2017,99.1978
"GB6916781205",2010-04-15,2010,99.4645
"GB8652455740",2012-03-10,2012,98.418
"GB7200405986",2009-08-24,2009,99.1714
"GB8595373987",2008-11-26,2008,100.205
"GB9156319705",2021-09-05,2021,99.5105
"GB8502849930",2008-10-17,2008,99.5687
"GB1197762610",2018-12-14,2018,99.5944
"GB6573100374",2021-03-31,2021,98.3141
"GB6097016135",2021-06-25,2021,100.3687
"GB7632335490",2010-07-07,2010,98.6337
"GB3526017020",2016-11-14,2016,99.573
"GB5032875646",2015-08-08,2015,99.7164
"GB4010808817",2012-01-10,2012,99.5653
"GB5365392150",2011-09-26,2011,100.8421
"GB9270427157",2013-10-17,2013,99.2889
"GB4486990282",2009-05-18,2009,99.136
"GB3283096209",2016-08-13,2016,98.5758
"GB1257209561",2010-10-22,2010,99.1188
"GB1890436857",2016-01-12,2016,98.8446
"GB1028572343",2010-02-24,2010,100.0419
"GB9589175547",2012-11-30,2012,99.0752
"GB5328207610",2016-09-17,2016,99.9629
"GB6506148070",2010-05-04,2010,99.6202
"GB7587021373",2020-03-27,2020,99.0296
"GB7986214434",2010-12-31,2010,99.1303
"GB5367093567",2009-03-24,2009,100.4048
"GB7102271745",2016-04-06,2016,100.4185
"GB5758985947",2017-01-13,2017,101.257
"GB4399074275",2012-03-26,2012,99.7289
"GB1329752365",2020-02-17,2020,98.9823
"GB6730997536",2016-03-19,2016,99.1471
"GB2268411418",2016-07-24,2016,100.0423
"GB1414922518",2009-09-09,2009,101.1768
"GB1439418925",2019-10-12,2019,99.8153
"GB0406661871",2009-03-11,2009,100.599
"GB9495194515",2016-01-02,2016,100.3158
"GB4544107346",2016-05-06,2016,98.8431
"GB0407600607",2019-01-11,2019,99.6015
"GB2629698323",2009-08-23,2009,100.7244
"GB1150693447",2011-08-08,2011,100.398
"GB3352269735",2009-01-21,2009,100.0844
"GB8971921098",2017-02-16,2017,100.0945
"GB6871272928",2016-08-05,2016,99.3578
"GB0025135210",2016-09-26,2016,98.7281
"GB4680304205",2015-08-23,2015,101.0353
"GB7029252612",2022-12-29,2022,98.6514
"GB2751404160",2015-10-10,2015,99.3359
"GB0919743774",2010-01-11,2010,100.21
"GB2966600732",2010-04-15,2010,98.7716
"GB9207282482",2013-02-01,2013,99.3118
"GB3324340301",2020-08-23,2020,99.2204
"GB5341894830",2020-10-25,2020,100.5921
"GB9609119295",2008-09-12,2008,100.0711
"GB5700210340",2017-05-13,2017,100.0525
"GB6545790323",2021-09-05,2021,100.0681
"GB1502364096",2019-06-15,2019,100.1554
"GB1842875561",2023-02-26,2023,99.9363
"GB4208470980",2013-08-20,2013,98.2342
"GB5150492412",2009-08-08,2009,99.6184
"GB7442178387",2020-06-24,2020,100.2055
"GB6325475275",2018-06-23,2018,100.2312
"GB5237192503",2015-07-10,2015,99.1468
"GB6440259874",2021-02-01,2021,99.3516
"GB5264559243",2018-09-03,2018,98.8634
"GB5991992279",2017-10-23,2017,100.5357
"GB9131083795",2010-03-13,2010,100.7045
"GB1582825761",2014-04-08,2014,100.3307
"GB7007385096",2010-02-16,2010,98.8018
"GB7175390959",2022-03-11,2022,100.0754
"GB0571537528",2011-09-13,2011,100.6066
"GB0803158508",2022-10-31,2022,99.8593
"GB2751409099",2014-01-16,2014,99.301
"GB5670857557",2012-08-29,2012,98.9055
"GB9254238323",2012-04-01,2012,99.2256
"GB3257699691",2010-07-17,2010,100.2753
"GB8165935298",2015-08-20,2015,99.7217
"GB7732016850",2014-08-09,2014,99.9047
"GB2467652836",2013-06-16,2013,100.7165
"GB7342568607",2015-03-23,2015,100.4899
"GB3199062990",2017-09-12,2017,100.7696
"GB5848654711",2018-10-25,2018,98.3858
"GB4368126177",2013-07-16,2013,99.5181
"GB1974456142",2022-08-21,2022,99.7811
"GB4558045577",2015-11-21,2015,100.4901
"GB1372993492",2023-09-20,2023,98.5607
"GB8203688177",2011-08-31,2011,100.3448
"GB2579294490",2018-12-28,2018,99.9138
"GB7933528132",2014-04-09,2014,99.9323
"GB9376830943",2017-02-18,2017,100.1184
"GB3578023622",2009-06-18,2009,99.6431
"GB2818387722",2021-05-20,2021,100.4356
"GB9876118091",2010-09-08,2010,100.2246
"GB9476609807",2013-11-29,2013,99.6174
"GB8718411761",2020-06-17,2020,100.9113
"GB5519497136",2016-08-30,2016,99.9541
"GB1819858590",2010-02-27,2010,100.2403
"GB7512581172",2013-09-26,2013,99.2797
"GB3197253714",2016-04-04,2016,100.9337
"GB1857196337",2020-07-13,2020,100.117
"GB3531558652",2011-06-25,2011,100.3765
"GB0111295015",2013-11-22,2013,99.6555
"GB9115150271",2011-04-09,2011,99.5189
"GB9262847872",2021-02-12,2021,100.3282
"GB1790825187",2009-04-03,2009,98.5263
"GB5365646780",2015-11-26,2015,100.4138
"GB8838209839",2022-11-14,2022,100.0309
"GB6494209708",2023-07-22,2023,97.3999
"GB5817745950",2016-01-18,2016,100.0118
"GB4660488447",2008-05-18,2008,98.0823
"GB7045927940",2012-11-16,2012,100.2334
"GB5890788517",2009-04-25,2009,99.3864
"GB4863645547",2010-04-22,2010,99.203
"GB8344131282",2013-01-25,2013,99.7264
"GB6248429588",2019-11-24,2019,100.7759
"GB7225756733",2018-06-10,2018,99.1968
"GB0155114977",2023-08-26,2023,99.8745
"GB3996861381",2020-12-11,2020,100.3795
"GB6031733830",2012-07-07,2012,98.8345
"GB2866894130",2019-09-30,2019,98.4074
"GB4095207320",2022-04-15,2022,98.216
"GB0470906360",2011-01-26,2011,100.1509
"GB9120299251",2010-12-17,2010,99.7052
"GB4819277739",2023-03-06,2023,100.8575
"GB3994060893",2012-03-28,2012,100.1679
"GB6357908926",2014-04-24,2014,100.3779
"GB4928090424",2012-04-01,2012,100.7465
"GB6767352388",2016-02-23,2016,99.3508
"GB3591584585",2019-10-11,2019,100.1196
"GB6343074858",2019-10-04,2019,100.3924
"GB8935443439",2023-08-18,2023,100.4915
"GB3206730897",2018-10-16,2018,100.2601
"GB3946764183",2009-04-03,2009,100.0519
"GB6426198351",2011-06-11,2011,99.0712
"GB8722398252",2012-04-01,2012,100.2865
"GB1710713547",2018-09-15,2018,100.0605
"GB8367591749",2010-12-14,2010,100.214
"GB2128008923",2013-03-30,2013,100.0538
"GB8546831144",2023-06-21,2023,99.2965
"GB6494356073",2015-09-01,2015,99.9915
"GB7431845271",2023-05-09,2023,99.9728
"GB4384111255",2011-07-18,2011,99.8621
"GB2447022886",2018-12-27,2018,99.0486
"GB5509204456",2020-04-20,2020,99.8993
"GB6489147293",2022-08-12,2022,98.7283
"GB5741351352",2022-06-10,2022,98.9961
"GB6580333122",2011-05-17,2011,99.6216
"GB0894087849",2017-11-25,2017,98.3639
"GB3568121542",2015-10-04,2015,98.7657
"GB1800680817",2021-01-07,2021,100.5702
"GB7209188899",2008-12-12,2008,99.293
"GB1276908444",2016-08-11,2016,98.3232
"GB8259452623",2012-05-07,2012,99.6458
"GB8595106869",2018-09-07,2018,100.6848
"GB7267680081",2017-04-23,2017,100.2353
"GB3328123142",2021-01-18,2021,100.0673
"GB6848736741",2022-12-11,2022,100.632
"GB3013320690",2022-09-10,2022,99.1448
"GB0587720151",2011-10-25,2011,100.2866
"GB6483817146",2021-08-11,2021,99.2851
"GB1127743485",2010-12-03,2010,99.7322
"GB6845569729",2010-05-09,2010,101.4159
"GB4888255880",2023-01-17,2023,100.1874
"GB6229574384",2021-10-06,2021,100.3157
"GB8930218407",2011-01-12,2011,98.8886
"GB6916676237",2015-01-26,2015,99.452
"GB7700264258",2017-12-04,2017,101.4689
"GB8251795727",2012-09-28,2012,98.9
"GB4094159139",2014-02-19,2014,99.8947
"GB8236042014",2014-11-12,2014,100.4105
"GB6497577475",2016-08-14,2016,100.5065
"GB7659295008",2018-02-07,2018,100.5084
"GB3475684203",2021-12-11,2021,99.6075
"GB5893051618",2023-10-26,2023,98.8256
"GB6442100080",2017-02-19,2017,99.4979
"GB9113058693",2009-12-13,2009,99.0455
"GB6314569858",2019-02-12,2019,100.2085
"GB0783488477",2014-11-22,2014,100.5837
"GB7703595764",2008-07-18,2008,101.3496
"GB1001489255",2017-01-21,2017,100.0101
"GB0156398153",2010-09-19,2010,99.0662
"GB2794032549",2008-09-14,2008,100.5108
"GB1350516769",2011-11-04,2011,100.4198
"GB5164578107",2013-05-16,2013,99.5504
"GB0592230069",2016-01-19,2016,98.5467
"GB2270841067",2011-02-09,2011,100.3107
"GB1071210878",2016-06-03,2016,100.5904
"GB5503937909",2020-06-30,2020,99.8955
"GB0620300114",2014-12-01,2014,100.1395
"GB6771021089",2009-09-03,2009,99.5218
"GB0331675211",2011-12-05,2011,100.2506
"GB5817740153",2013-04-06,2013,99.6424
"GB4146209190",2018-03-15,2018,99.4178
"GB6082588644",2018-02-03,2018,99.7649
"GB5076528550",2022-03-05,2022,99.516
"GB1486856222",2008-10-16,2008,99.2821
"GB4443251876",2009-04-10,2009,99.4913
"GB4865679316",2014-12-10,2014,99.7254
"GB8686267641",2021-06-10,2021,99.8894
"GB9278789738",2017-02-18,2017,100.8972
"GB3612823101",2013-04-11,2013,98.6987
"GB2631493924",2019-03-28,2019,99.5798
"GB0826910044",2021-08-02,2021,100.2119
"GB8170441408",2014-05-17,2014,101.0718
"GB0289850704",2020-12-20,2020,100.444
"GB2157814620",2021-09-11,2021,99.7211
"GB6864411926",2010-11-29,2010,99.4977
"GB9389600377",2016-10-24,2016,100.0467
"GB2072332198",2016-05-25,2016,100.4839
"GB3985921176",2019-04-06,2019,99.5918
"GB9919406122",2010-08-07,2010,99.8562
"GB6106218856",2020-04-20,2020,100.285
"GB8779723609",2021-11-06,2021,100.2863
"GB5926141018",2020-03-01,2020,100.9653
"GB8983723311",2019-05-25,2019,99.9439
"GB3391291475",2010-05-27,2010,99.6737
"GB9859943408",2018-05-31,2018,100.7408
"GB0991006601",2018-01-24,2018,99.8051
"GB0424544125",2020-04-05,2020,101.3201
"GB9201531009",2019-08-17,2019,99.6845
"GB3705541498",2015-03-23,2015,100.5169
"GB0486124505",2020-07-02,2020,98.944
"GB0616004186",2021-12-28,2021,99.6461
"GB3071778936",2020-02-26,2020,100.1034
"GB5002055718",2008-06-09,2008,99.1548
"GB8833378080",2009-02-24,2009,98.9437
"GB5031362476",2014-10-27,2014,100.4528
"GB9624026240",2013-09-07,2013,100.4269
"GB1014783562",2009-09-24,2009,98.7438
"GB5054122325",2022-09-04,2022,100.0544
"GB3969515862",2013-06-12,2013,98.8854
"GB9132735402",2021-01-12,2021,98.9322
"GB4377495872",2022-02-17,2022,100.1312
"GB3378816322",2013-06-30,2013,99.2098
"GB5057680484",2008-02-13,2008,100.4872
"GB3920881937",2008-08-11,2008,99.7609
"GB2357617205",2022-01-14,2022,100.1394
"GB8733912554",2010-06-30,2010,99.3333
"GB1962526787",2015-02-11,2015,99.1744
"GB0615477935",2015-11-20,2015,100.7458
"GB7210096124",2013-02-28,2013,99.9127
"GB3892637302",2019-10-22,2019,99.5498
"GB9365268982",2009-11-13,2009,99.7843
"GB5688739355",2023-04-02,2023,100.4585
"GB5207144730",2008-02-25,2008,99.2006
"GB9237641210",2022-10-11,2022,99.1616
"GB1519618619",2023-02-11,2023,98.9787
"GB9263705826",2021-01-01,2021,98.5261
"GB4387315659",2019-11-03,2019,100.355
"GB0915285630",2014-08-19,2014,99.8779
"GB5145886070",2012-05-18,2012,99.8892
"GB8638212181",2014-05-16,2014,99.6986
"GB9581863881",2012-10-23,2012,99.3436
"GB8341372263",2012-03-23,2012,99.1053
"GB2576846670",2015-05-31,2015,100.6979
"GB4527553270",2016-08-11,2016,98.6468
"GB4213637102",2011-12-28,2011,100.0665
"GB9306699458",2009-10-10,2009,99.1287
"GB7704950166",2008-06-11,2008,99.9463
"GB2446833574",2023-05-06,2023,98.8866
"GB5806102215",2017-09-10,2017,99.3335
"GB6614667022",2016-11-30,2016,101.0774
"GB7764523160",2009-10-17,2009,100.2399
"GB2986057447",2010-03-30,2010,98.1002
"GB1033557430",2014-11-26,2014,99.8277
"GB6165014606",2020-03-08,2020,99.7764
"GB0323860980",2017-11-18,2017,98.8671
"GB9585900033",2021-05-08,2021,99.8912
"GB6341339593",2010-11-25,2010,99.8305
"GB1878674428",2012-09-06,2012,99.4817
"GB9200127812",2020-08-03,2020,101.6204
"GB6073104816",2009-02-12,2009,98.0212
"GB8771561781",2009-10-30,2009,100.3691
"GB8993498116",2010-03-22,2010,99.5118
"GB9589654772",2019-08-14,2019,100.2309
"GB2799487652",2013-11-10,2013,99.3863
"GB2022081737",2014-05-05,2014,99.2799
"GB1089711345",2015-07-27,2015,98.7491
"GB9333415108",2015-06-15,2015,99.8907
"GB4581683485",2009-01-06,2009,101.6169
"GB1396805695",2009-05-31,2009,100.4844
"GB2910986679",2022-03-03,2022,101.006
"GB8865947734",2019-06-04,2019,100.4275
"GB4919847679",2009-04-15,2009,100.6019
"GB6246464661",2017-05-12,2017,100.4183
"GB6464144105",2021-01-31,2021,100.0932
"GB4954550929",2020-10-23,2020,99.6769
"GB0439122142",2011-12-16,2011,99.3262
"GB1213090614",2009-12-20,2009,98.514
"GB2551391248",2022-03-22,2022,99.7272
"GB3807785857",2015-03-31,2015,100.734
"GB7224012993",2013-07-20,2013,100.5165
"GB3687241674",2008-10-30,2008,99.804
"GB9371858428",2012-12-11,2012,99.3151
"GB5660158322",2021-06-29,2021,102.2344
"GB7630120391",2023-12-01,2023,100.0103
"GB2601158333",2015-09-26,2015,101.1305
"GB6211399550",2022-02-17,2022,99.4748
"GB5654879922",2019-06-27,2019,99.7027
"GB2507790979",2018-12-22,2018,100.0212
"GB0388904418",2022-01-31,2022,101.0068
"GB8418763612",2020-11-14,2020,99.8831
"GB5178297462",2019-09-15,2019,100.3809
"GB3285920076",2017-03-18,2017,98.1383
"GB2748305744",2013-04-03,2013,99.3458
"GB7865373084",2020-09-08,2020,99.1373
"GB6127242689",2015-07-23,2015,100.8968
"GB4933765350",2019-10-16,2019,99.6065
"GB4986439839",2021-10-04,2021,99.4347
"GB9755677613",2009-12-03,2009,100.7729
"GB3227536954",2020-02-25,2020,100.969
"GB0748681707",2008-03-16,2008,99.0486
"GB6424271275",2011-05-15,2011,100.057
"GB0313207470",2022-10-24,2022,98.7972
"GB3093449377",2021-12-02,2021,99.3698
"GB0295240349",2013-09-12,2013,100.9612
"GB4538223013",2011-11-05,2011,100.8346
"GB4268506384",2022-01-03,2022,100.5751
"GB1465167191",2019-10-06,2019,99.2974
"GB9219989043",2019-03-08,2019,98.3006
"GB0002224229",2023-10-09,2023,98.5558
"GB7793843377",2012-08-31,2012,100.4561
"GB8930489191",2022-02-14,2022,99.5106
"GB5087624871",2019-11-16,2019,98.0867
"GB7131821086",2017-10-15,2017,99.5945
"GB7399913785",2018-12-13,2018,100.7526
"GB5747897691",2011-01-31,2011,100.221
"GB5390413541",2021-10-31,2021,99.107
"GB0642306316",2009-02-03,2009,98.5558
"GB3589866119",2019-03-21,2019,99.1029
"GB2294417786",2012-08-24,2012,99.7579
"GB0943012847",2016-11-03,2016,100.4071
"GB9927376571",2010-09-07,2010,98.2561
"GB3386688261",2019-10-20,2019,100.5098
"GB6955244580",2012-09-17,2012,99.7358
"GB8209245762",2022-01-01,2022,100.165
"GB6236875045",2017-07-26,2017,98.4741
"GB3989710635",2011-09-11,2011,99.2245
"GB9581868916",2023-12-14,2023,99.1091
"GB2778739165",2020-05-22,2020,100.914
"GB6677416571",2012-09-18,2012,100.5136
"GB5645310995",2015-08-29,2015,100.3809
"GB9000727148",2023-07-20,2023,100.6702
"GB5868458767",2017-11-20,2017,99.3396
"GB2805486810",2021-03-04,2021,100.5017
"GB6398527718",2010-01-23,2010,99.7043
"GB4115698643",2018-09-11,2018,99.1724
"GB0852641900",2022-02-19,2022,100.4339
"GB2961319991",2022-05-01,2022,100.7821
"GB0862822856",2013-03-20,2013,100.3996
"GB7803721516",2008-11-30,2008,99.3441
"GB5403321833",2016-08-14,2016,99.3743
"GB9364209465",2014-01-30,2014,100.7795
"GB1050879710",2018-01-25,2018,99.9484
"GB2435542587",2023-09-29,2023,100.081
"GB8973993373",2015-05-29,2015,99.7924
"GB5419113984",2009-09-06,2009,100.6907
"GB2259448360",2010-03-14,2010,99.1165
"GB2362564756",2010-12-15,2010,100.2072
"GB7855640489",2010-04-04,2010,99.1101
"GB2194575750",2020-08-15,2020,98.247
"GB4652955317",2022-08-11,2022,98.7101
"GB6304711247",2019-05-09,2019,99.8353
"GB9264597087",2016-02-21,2016,100.4032
"GB2289093000",2014-03-27,2014,98.3996
"GB3006859437",2017-05-16,2017,98.7798
"GB2162217485",2022-08-17,2022,101.0737
"GB9527527522",2009-09-04,2009,99.4016
"GB6466877426",2013-04-25,2013,100.1162
"GB2908967054",2022-05-31,2022,99.3308
"GB9832378779",2015-05-16,2015,99.8229
"GB9766180944",2012-07-08,2012,99.798
"GB8574833351",2014-07-10,2014,99.7399
"GB6748982509",2012-06-19,2012,99.5851
"GB1971537793",2008-11-13,2008,99.3743
"GB0427022189",2009-02-22,2009,97.4134
"GB5955739960",2012-06-14,2012,101.1529
"GB8931282656",2020-11-09,2020,101.4818
"GB0779390581",2019-08-09,2019,98.8941
"GB3854091171",2012-04-14,2012,99.6037
"GB7264562134",2014-01-18,2014,100.7776
"GB8347218735",2023-08-10,2023,100.2093
"GB9078574240",2019-01-19,2019,100.7026
"GB6223782483",2016-10-06,2016,98.9164
"GB6475419627",2014-03-05,2014,101.6919
"GB9295032574",2023-05-09,2023,98.5879
"GB2043939319",2012-04-07,2012,100.305
"GB3285978041",2017-09-12,2017,99.8391
"GB8239274469",2018-07-27,2018,99.3729
"GB0852922672",2013-06-24,2013,99.443
"GB6748405079",2018-11-20,2018,98.9259
"GB1232751023",2021-03-11,2021,100.9658
"GB9535317848",2021-12-19,2021,99.7997
"GB3228256991",2011-05-19,2011,99.9288
"GB7753370718",2023-11-22,2023,99.6094
"GB2049162699",2009-05-01,2009,99.4462
"GB0994031784",2021-08-07,2021,98.8691
"GB8185584343",2009-06-27,2009,99.9246
"GB2660923816",2019-05-06,2019,98.1392
"GB6369881932",2018-12-01,2018,98.601
"GB4818559408",2017-07-18,2017,98.9129
"GB2368881771",2018-11-08,2018,98.8596
"GB3059745709",2008-05-31,2008,99.8131
"GB3073918681",2023-06-19,2023,100.6658
"GB9432147242",2017-04-21,2017,98.579
"GB8676268899",2014-10-24,2014,100.0615
"GB7087529271",2017-07-22,2017,100.4158
"GB5419001949",2019-01-28,2019,98.979
"GB1848197313",2009-06-20,2009,99.6914
"GB4456091022",2016-06-27,2016,100.358
"GB8142620542",2021-02-09,2021,99.5373
"GB8612057267",2023-06-18,2023,99.2821
"GB1553721542",2021-01-28,2021,99.9657
"GB8511925383",2016-06-07,2016,99.686
"GB3730435630",2014-06-15,2014,99.309
"GB4674495909",2018-05-25,2018,99.5746
"GB7781513161",2019-03-18,2019,101.1637
"GB6989118634",2012-02-02,2012,100.3961
"GB9220468069",2023-06-26,2023,98.7544
"GB6175211821",2022-06-13,2022,98.7847
"GB6800826886",2015-04-22,2015,99.7762
"GB0929248747",2018-05-01,2018,100.6907
"GB3778423849",2023-09-26,2023,99.6726
"GB5953489410",2017-01-07,2017,99.198
"GB1936812428",2018-11-02,2018,100.351
"GB3504098352",2017-01-13,2017,99.6302
"GB9520860838",2016-08-09,2016,98.8792
"GB1335555707",2017-01-23,2017,100.0824
"GB5777131194",2010-02-20,2010,100.8909
"GB5346956617",2009-03-07,2009,100.0621
"GB5024058223",2011-09-06,2011,99.8776
"GB5518004241",2013-09-04,2013,99.2325
"GB1959158623",2010-12-05,2010,100.1639
"GB3497843762",2012-04-07,2012,98.9173
"GB8005655723",2015-07-13,2015,98.7926
"GB9035281289",2008-09-12,2008,99.6986
"GB7532476324",2019-04-27,2019,99.7053
"GB1015196709",2020-02-09,2020,101.9189
"GB8127357075",2008-02-14,2008,98.8064
"GB4108753545",2011-08-19,2011,99.8616
"GB6424853327",2023-11-23,2023,100.0623
"GB8121099971",2021-06-24,2021,100.5307
"GB2511318729",2016-08-20,2016,99.7234
"GB6927206898",2023-10-17,2023,98.8847
"GB5916927153",2023-01-23,2023,99.4
"GB4751072792",2018-12-04,2018,101.1554
"GB3779028610",2019-08-25,2019,100.0988
"GB0430899869",2012-08-28,2012,98.1766
"GB7420223015",2015-12-05,2015,101.1327
"GB2669577698",2010-04-07,2010,100.1427
"GB4314121128",2023-10-13,2023,99.4245
"GB3013876535",2021-06-27,2021,99.718
"GB9002854736",2019-10-07,2019,99.6177
"GB0884785504",2011-10-03,2011,99.9267
