"Table 5: Local Authority: Gross domestic product (GDP) at current market prices, pounds million",,,,,,,,,,,,,,,,,,,,,,,,,,,,
ITL1 Region,LA code,LA name,1998,1999,2000,2001,2002,2003,2004,2005,2006,2007,2008,2009,2010,2011,2012,2013,2014,2015,2016,2017,2018,2019,2020,2021,2022,2023
North East ,E06000001,Hartlepool,898,949,968,979,"1,032","1,088","1,133","1,177","1,232","1,294","1,324","1,287","1,321","1,374","1,415","1,458","1,433","1,508","1,631","1,656","1,629","1,672","1,687","1,658","1,769","1,922"
North East ,E06000004,Stockton-on-Tees,"2,841","2,972","3,065","3,115","3,282","3,518","3,789","3,914","4,198","4,427","4,486","4,606","4,630","4,669","4,748","4,931","5,104","5,409","5,505","5,455","5,564","5,861","5,700","6,089","6,611","6,743"
North East ,E06000002,Middlesbrough,"1,703","1,778","1,829","1,853","1,924","2,040","2,200","2,347","2,486","2,565","2,631","2,651","2,625","2,714","2,764","2,756","2,833","2,951","3,080","3,253","3,456","3,472","3,189","3,588","4,003","4,284"
North East ,E06000003,Redcar and Cleveland,"1,460","1,488","1,529","1,513","1,558","1,709","1,744","1,787","1,812","1,842","1,955","1,899","1,991","2,031","2,056","2,078","2,164","2,232","2,177","2,061","2,160","2,234","2,180","2,277","2,457","2,562"
North East ,E06000005,Darlington,"1,676","1,723","1,856","1,964","2,090","2,222","2,370","2,364","2,409","2,385","2,508","2,363","2,453","2,535","2,563","2,595","2,862","3,024","2,888","2,891","2,869","2,851","2,603","2,850","3,072","3,363"
North East ,E06000047,County Durham,"5,380","5,667","5,838","6,018","6,324","6,739","7,252","7,561","8,045","8,389","8,671","8,680","8,819","8,817","9,042","9,149","9,185","9,322","9,412","9,775","10,269","10,739","10,613","11,383","12,211","13,741"
North East ,E06000057,Northumberland,"3,467","3,499","3,566","3,708","3,981","4,129","4,417","4,587","4,814","4,942","5,070","4,922","5,102","5,289","5,345","5,382","5,560","5,655","5,839","5,983","6,097","6,446","5,932","6,441","7,106","7,633"
North East ,E08000021,Newcastle upon Tyne,"4,730","4,723","4,877","5,257","5,658","5,973","6,584","7,008","7,394","7,494","7,503","7,428","7,747","8,125","8,428","8,557","8,787","9,336","9,645","10,065","10,115","10,473","9,536","10,767","11,967","13,253"
North East ,E08000022,North Tyneside,"2,326","2,377","2,434","2,650","2,925","3,051","3,298","3,447","3,553","3,659","3,792","3,647","3,771","3,930","4,035","4,064","4,248","4,420","4,584","4,992","5,192","5,268","4,923","5,422","5,907","6,662"
North East ,E08000023,South Tyneside,"1,314","1,328","1,367","1,419","1,482","1,549","1,668","1,744","1,811","1,844","1,890","1,776","1,863","1,943","2,116","2,155","2,279","2,279","2,221","2,257","2,281","2,378","2,100","2,367","2,535","2,674"
North East ,E08000037,Gateshead,"2,911","2,948","3,030","3,170","3,376","3,538","3,837","4,065","4,271","4,361","4,341","4,156","4,333","4,582","4,680","4,467","4,530","4,586","4,703","4,738","4,793","5,222","4,536","5,135","5,340","5,711"
North East ,E08000024,Sunderland,"3,929","3,884","4,040","4,270","4,579","4,778","5,232","5,488","5,763","5,821","5,982","6,016","6,011","6,150","6,312","6,861","7,104","7,285","7,386","7,722","7,721","8,121","7,097","7,378","8,115","8,949"
North West ,E06000063,Cumberland,"4,120","4,350","4,197","4,278","4,469","4,741","4,818","5,188","5,543","5,661","6,079","5,918","6,109","6,059","6,197","6,551","6,907","7,040","6,962","6,918","6,919","7,176","6,438","6,617","7,624","8,213"
North West ,E06000064,Westmorland and Furness,"3,290","3,336","3,470","3,452","3,718","4,012","4,209","4,295","4,619","4,806","5,070","4,899","5,046","5,114","5,391","5,434","5,672","5,971","6,063","6,371","6,484","6,999","6,569","7,019","7,826","8,527"
North West ,E08000003,Manchester,"9,607","10,102","10,388","11,142","11,809","12,456","13,476","14,527","15,530","16,445","16,753","17,170","17,774","18,036","18,898","19,424","20,083","21,108","22,450","24,581","25,375","27,244","26,441","29,064","34,392","38,037"
North West ,E08000006,Salford,"3,641","3,827","3,877","4,081","4,243","4,462","4,847","5,235","5,545","5,834","5,936","5,896","6,037","6,130","6,554","7,162","7,634","7,756","7,627","7,878","8,473","8,943","9,202","9,976","11,218","11,725"
North West ,E08000009,Trafford,"4,706","4,940","5,146","5,484","5,781","6,036","6,238","6,522","6,826","7,149","7,285","7,086","7,192","7,291","7,534","7,875","8,021","8,554","8,907","9,488","9,978","10,178","10,090","11,028","12,053","13,105"
North West ,E08000007,Stockport,"4,014","4,233","4,388","4,585","4,780","5,006","5,215","5,434","5,665","5,953","6,155","6,183","6,231","6,213","6,448","6,540","6,568","6,625","6,916","7,423","7,691","7,800","7,875","8,294","9,423","10,318"
North West ,E08000008,Tameside,"2,244","2,374","2,450","2,525","2,623","2,718","2,801","2,971","3,055","3,186","3,218","3,164","3,235","3,306","3,406","3,531","3,647","3,696","3,698","3,956","4,043","4,090","4,014","4,118","4,451","4,741"
North West ,E08000001,Bolton,"3,331","3,473","3,501","3,707","3,827","3,991","4,205","4,441","4,636","4,823","4,833","4,862","4,979","5,064","5,327","5,594","5,725","5,957","6,173","6,480","6,824","6,841","6,935","7,124","7,581","8,480"
North West ,E08000010,Wigan,"3,175","3,340","3,463","3,623","3,754","3,917","4,074","4,273","4,447","4,618","4,556","4,437","4,539","4,648","4,818","5,118","5,275","5,599","5,749","5,990","6,063","6,078","6,110","6,506","7,198","7,757"
North West ,E08000002,Bury,"2,037","2,143","2,215","2,325","2,470","2,575","2,687","2,816","2,947","3,093","3,097","3,038","3,132","3,197","3,322","3,415","3,411","3,591","3,666","3,760","3,856","4,095","4,001","4,103","4,329","4,907"
North West ,E08000004,Oldham,"2,352","2,464","2,529","2,618","2,728","2,798","2,959","3,121","3,252","3,377","3,442","3,358","3,437","3,525","3,600","3,746","3,937","4,119","4,226","4,564","4,621","4,846","4,505","4,714","5,284","5,648"
North West ,E08000005,Rochdale,"2,314","2,453","2,515","2,617","2,698","2,792","2,930","3,048","3,114","3,263","3,277","3,210","3,331","3,388","3,597","3,721","3,769","3,883","3,927","4,050","4,216","4,402","4,253","4,443","5,027","5,434"
North West ,E06000008,Blackburn with Darwen,"1,753","1,821","1,843","1,885","1,980","2,135","2,243","2,300","2,365","2,472","2,547","2,466","2,597","2,694","2,837","2,916","3,065","3,241","3,391","3,452","3,506","3,604","3,521","3,977","4,409","4,723"
North West ,E06000009,Blackpool,"1,500","1,550","1,588","1,659","1,751","1,898","2,042","2,122","2,179","2,228","2,234","2,136","2,262","2,310","2,374","2,420","2,495","2,611","2,752","2,906","3,028","3,260","3,036","3,238","3,631","3,796"
North West ,E07000121,Lancaster,"1,765","1,823","1,779","1,822","1,958","2,180","2,338","2,536","2,701","2,807","2,833","2,549","2,561","2,611","2,710","2,895","2,936","3,105","3,109","3,165","3,187","3,353","3,339","3,505","3,929","4,450"
North West ,E07000128,Wyre,"1,013","1,055","1,088","1,118","1,177","1,285","1,346","1,371","1,394","1,422","1,472","1,402","1,460","1,518","1,557","1,613","1,675","1,910","1,953","1,960","2,039","2,120","1,918","2,141","2,378","2,499"
North West ,E07000119,Fylde,"1,849","1,997","2,120","2,241","2,264","2,463","2,696","2,823","2,838","2,948","3,002","2,740","2,683","2,701","2,714","2,759","2,562","2,717","2,928","3,053","2,853","2,948","2,720","2,983","3,357","3,643"
North West ,E07000123,Preston,"2,450","2,569","2,636","2,741","2,928","3,151","3,340","3,436","3,553","3,723","3,674","3,671","3,839","3,897","4,108","4,048","4,234","4,442","4,734","4,771","4,835","5,006","4,602","5,142","5,666","6,179"
North West ,E07000124,Ribble Valley,"1,107","1,180","1,222","1,277","1,320","1,432","1,541","1,590","1,610","1,648","1,679","1,510","1,518","1,626","1,691","1,846","1,919","1,982","1,906","1,956","1,947","1,813","1,958","2,313","2,352","2,452"
North West ,E07000126,South Ribble,"2,083","2,128","2,210","2,242","2,363","2,555","2,671","2,717","2,712","2,930","3,006","2,817","2,889","2,994","3,100","3,262","3,540","3,716","3,884","3,999","3,946","4,047","4,122","4,587","4,915","5,214"
North West ,E07000117,Burnley,"1,145","1,205","1,233","1,262","1,299","1,391","1,458","1,509","1,563","1,637","1,664","1,595","1,686","1,751","1,835","1,841","1,956","1,963","2,065","2,158","2,319","2,293","2,216","2,449","2,693","2,707"
North West ,E07000120,Hyndburn,939,991,977,"1,004","1,046","1,091","1,149","1,185","1,213","1,283","1,323","1,260","1,326","1,386","1,453","1,485","1,530","1,572","1,701","1,717","1,596","1,685","1,571","1,772","1,902","2,066"
North West ,E07000122,Pendle,"1,199","1,288","1,318","1,356","1,384","1,486","1,569","1,638","1,668","1,700","1,685","1,497","1,539","1,632","1,672","1,652","1,716","1,753","1,860","1,941","2,066","2,067","1,880","2,087","2,146","2,341"
North West ,E07000125,Rossendale,726,751,766,776,817,875,910,926,945,985,998,969,"1,017","1,058","1,045","1,081","1,154","1,216","1,211","1,221","1,218","1,266","1,152","1,315","1,425","1,548"
North West ,E07000118,Chorley,"1,163","1,215","1,271","1,330","1,420","1,516","1,588","1,619","1,657","1,737","1,795","1,736","1,838","1,877","1,917","1,937","2,005","2,093","2,203","2,247","2,348","2,586","2,400","2,790","2,986","3,259"
North West ,E07000127,West Lancashire,"1,446","1,494","1,514","1,555","1,646","1,753","1,857","1,881","1,923","2,021","2,082","2,066","2,166","2,226","2,240","2,272","2,426","2,476","2,716","2,859","2,944","3,085","2,973","3,311","3,670","4,068"
North West ,E06000007,Warrington,"4,023","4,111","4,312","4,720","4,928","5,103","5,283","5,609","5,868","6,189","6,132","5,834","6,001","6,173","6,356","6,695","7,093","7,469","7,846","8,432","8,502","9,078","8,949","9,445","10,365","11,474"
North West ,E06000049,Cheshire East,"6,597","6,922","7,194","8,284","8,549","8,312","9,233","9,797","10,489","10,736","10,657","10,338","10,795","11,386","11,970","12,287","13,044","13,589","14,781","14,751","15,186","15,708","15,139","15,357","17,194","18,593"
North West ,E06000050,Cheshire West and Chester,"5,492","5,912","5,879","6,399","6,539","7,002","7,237","7,542","8,079","8,642","8,739","9,001","9,514","9,488","9,659","10,028","10,561","10,365","10,869","11,705","11,935","12,657","11,784","13,134","14,414","15,734"
North West ,E06000006,Halton,"2,393","2,507","2,621","2,679","2,780","3,010","3,052","3,204","3,476","3,375","3,608","3,656","3,782","3,849","3,662","3,847","4,081","4,223","4,231","4,371","4,563","4,746","4,341","4,748","5,194","5,679"
North West ,E08000011,Knowsley,"1,892","1,922","1,937","2,063","2,131","2,272","2,360","2,358","2,488","2,585","2,690","2,626","2,842","2,943","3,046","3,314","3,473","3,603","3,847","4,093","4,025","4,236","3,996","4,505","4,777","5,175"
North West ,E08000013,St. Helens,"1,848","2,005","2,093","2,197","2,320","2,436","2,544","2,618","2,789","2,880","2,892","2,832","2,980","2,982","2,893","2,970","3,097","3,151","3,209","3,239","3,319","3,409","3,146","3,562","3,691","3,841"
North West ,E08000012,Liverpool,"6,561","6,925","7,328","7,776","8,232","9,034","9,634","10,155","11,051","11,054","11,596","12,045","12,301","12,488","12,259","12,511","13,118","13,458","13,706","14,286","14,582","15,723","15,080","16,978","18,745","20,347"
North West ,E08000014,Sefton,"2,496","2,670","2,753","2,920","3,110","3,306","3,479","3,571","3,775","3,831","3,957","3,967","4,116","4,082","4,065","4,174","4,333","4,461","4,633","4,821","4,967","5,059","4,935","5,639","5,999","6,376"
North West ,E08000015,Wirral,"3,001","3,215","3,312","3,492","3,692","3,958","4,216","4,289","4,525","4,598","4,741","4,729","4,879","4,975","5,014","5,164","5,367","5,607","5,573","5,815","5,946","6,274","6,112","6,515","7,125","7,778"
Yorkshire and The Humber,E06000010,"Kingston upon Hull, City of","3,415","3,517","3,725","3,897","4,159","4,466","4,606","4,813","5,250","5,497","6,018","5,973","5,758","5,619","5,704","5,757","5,832","6,124","6,341","6,592","6,803","6,918","6,200","7,232","7,621","8,300"
Yorkshire and The Humber,E06000011,East Riding of Yorkshire,"4,174","4,187","4,367","4,584","4,945","5,266","5,642","5,860","6,179","6,278","6,353","6,041","5,956","6,052","6,216","6,441","6,762","7,052","7,211","7,512","7,982","8,325","7,962","9,201","9,819","10,564"
Yorkshire and The Humber,E06000012,North East Lincolnshire,"1,989","2,052","2,132","2,221","2,302","2,421","2,518","2,622","2,748","2,928","2,973","2,922","2,895","3,027","3,055","3,182","3,384","3,535","3,545","3,644","3,642","3,809","3,833","4,370","4,518","4,870"
Yorkshire and The Humber,E06000013,North Lincolnshire,"2,535","2,495","2,599","2,705","2,782","3,126","3,365","3,536","3,481","3,933","4,210","3,815","4,084","3,823","3,839","3,967","4,039","4,453","4,605","4,957","4,885","5,682","4,978","6,324","6,407","6,124"
Yorkshire and The Humber,E06000014,York,"3,409","3,574","3,753","3,981","4,296","4,574","4,961","5,121","5,176","5,462","5,476","5,263","5,450","5,670","5,808","5,886","6,064","6,203","6,475","6,894","7,046","7,089","6,472","7,436","8,464","9,279"
Yorkshire and The Humber,E06000065,North Yorkshire,"8,383","8,611","8,999","9,438","10,255","10,819","11,286","11,699","12,291","12,964","13,228","12,800","12,955","13,622","13,873","14,412","14,750","15,025","15,652","16,654","16,781","17,492","16,545","18,801","20,553","22,433"
Yorkshire and The Humber,E08000019,Sheffield,"7,295","7,401","7,732","8,359","8,911","9,522","10,115","10,571","11,165","11,841","11,694","11,656","11,997","12,426","12,645","13,025","13,371","13,739","13,906","14,146","14,243","14,938","14,752","15,912","17,499","19,052"
Yorkshire and The Humber,E08000016,Barnsley,"2,309","2,328","2,409","2,518","2,624","2,793","2,986","3,093","3,225","3,451","3,388","3,236","3,384","3,537","3,656","3,799","3,994","4,116","4,201","4,403","4,582","4,793","4,590","4,975","5,491","5,843"
Yorkshire and The Humber,E08000018,Rotherham,"2,842","2,876","2,981","3,124","3,300","3,501","3,650","3,799","3,937","4,210","4,212","4,004","4,211","4,381","4,648","4,673","4,859","5,070","5,185","5,446","5,509","5,711","5,416","5,770","6,229","6,493"
Yorkshire and The Humber,E08000017,Doncaster,"3,114","3,181","3,289","3,435","3,617","3,849","4,130","4,255","4,517","4,816","4,820","4,546","4,731","4,832","4,944","5,073","5,398","5,793","5,958","6,527","6,599","6,838","6,619","7,060","7,812","8,273"
Yorkshire and The Humber,E08000032,Bradford,"5,915","6,232","6,314","6,541","6,771","7,151","7,560","7,946","8,228","8,638","8,899","8,728","8,869","9,286","9,496","9,714","9,852","10,203","10,479","11,010","11,169","11,290","11,051","11,938","12,812","13,414"
Yorkshire and The Humber,E08000035,Leeds,"13,493","14,378","14,828","15,407","16,163","17,497","18,791","20,120","21,364","22,543","22,425","22,189","22,780","23,370","23,940","24,634","25,361","26,298","26,687","27,549","29,107","30,043","28,191","31,287","35,871","39,323"
Yorkshire and The Humber,E08000033,Calderdale,"2,470","2,592","2,628","2,734","2,796","2,996","3,188","3,474","3,668","3,834","3,687","3,562","3,700","3,849","3,961","4,119","4,686","5,140","5,179","5,590","5,937","5,942","5,586","6,268","6,050","6,502"
Yorkshire and The Humber,E08000034,Kirklees,"4,567","4,791","4,883","5,006","5,133","5,413","5,633","5,902","6,105","6,412","6,489","6,296","6,468","6,700","6,906","7,059","7,333","7,713","7,896","8,418","8,770","8,821","8,415","9,177","9,928","10,616"
Yorkshire and The Humber,E08000036,Wakefield,"4,547","4,785","4,937","5,132","5,315","5,594","5,810","6,061","6,265","6,469","6,592","6,434","6,422","6,619","6,816","7,052","7,107","7,576","7,876","8,198","8,702","9,066","8,665","9,390","10,566","11,425"
East Midlands ,E06000015,Derby,"4,168","4,435","4,615","4,839","5,107","5,292","5,723","6,222","6,417","6,573","6,705","6,530","6,661","7,050","7,224","7,493","7,375","7,411","7,533","7,563","8,079","8,353","8,567","9,049","9,425","10,155"
East Midlands ,E07000033,Bolsover,"1,174","1,192","1,208","1,255","1,267","1,281","1,331","1,408","1,445","1,498","1,575","1,532","1,588","1,607","1,677","1,702","1,715","1,919","2,020","2,133","2,270","2,310","2,314","2,475","2,687","2,794"
East Midlands ,E07000034,Chesterfield,"1,299","1,339","1,380","1,462","1,538","1,588","1,687","1,804","1,856","1,934","1,971","1,905","2,016","2,039","2,176","2,222","2,304","2,443","2,505","2,594","2,678","2,728","2,859","3,107","3,338","3,423"
East Midlands ,E07000038,North East Derbyshire,900,950,969,994,"1,028","1,077","1,116","1,188","1,209","1,238","1,280","1,205","1,256","1,331","1,356","1,407","1,519","1,639","1,646","1,650","1,730","1,795","1,789","1,935","2,107","2,170"
East Midlands ,E07000032,Amber Valley,"1,700","1,736","1,721","1,760","1,833","1,886","1,977","2,108","2,176","2,254","2,317","2,174","2,294","2,350","2,472","2,560","2,688","2,768","2,827","2,885","2,985","3,160","3,137","3,303","3,576","3,898"
East Midlands ,E07000035,Derbyshire Dales,981,"1,023","1,039","1,083","1,118","1,160","1,225","1,298","1,320","1,360","1,403","1,332","1,418","1,462","1,556","1,573","1,571","1,590","1,671","1,705","1,818","1,815","1,742","1,876","2,099","2,212"
East Midlands ,E07000036,Erewash,"1,030","1,068","1,084","1,139","1,183","1,221","1,281","1,360","1,419","1,456","1,489","1,405","1,489","1,579","1,644","1,728","1,752","1,803","1,892","1,969","2,027","2,140","2,062","2,180","2,343","2,478"
East Midlands ,E07000037,High Peak,"1,046","1,073","1,088","1,122","1,168","1,218","1,269","1,328","1,342","1,360","1,396","1,296","1,330","1,401","1,458","1,458","1,524","1,610","1,680","1,741","1,786","1,784","1,730","1,851","2,075","2,085"
East Midlands ,E07000039,South Derbyshire,"1,455","1,478","1,479","1,485","1,563","1,670","1,747","1,901","1,860","1,886","1,985","1,827","2,119","2,199","2,294","2,615","2,719","2,674","2,893","2,972","3,113","3,562","3,416","3,503","3,259","3,509"
East Midlands ,E06000018,Nottingham,"4,997","5,205","5,300","5,617","5,947","6,324","6,907","7,282","7,782","8,059","8,276","8,185","8,561","8,978","9,268","9,412","10,061","10,280","10,658","11,149","11,390","11,505","11,094","11,534","12,951","14,105"
East Midlands ,E07000170,Ashfield,"1,924","1,929","1,951","1,991","2,079","2,093","2,215","2,330","2,425","2,512","2,568","2,477","2,587","2,626","2,687","2,788","2,881","2,935","2,953","3,028","3,126","3,205","3,077","3,270","3,445","3,715"
East Midlands ,E07000171,Bassetlaw,"1,369","1,453","1,484","1,524","1,600","1,672","1,762","1,824","1,890","1,946","1,986","1,937","2,026","2,105","2,197","2,252","2,291","2,378","2,434","2,482","2,585","2,688","2,721","2,834","3,137","3,318"
East Midlands ,E07000174,Mansfield,942,987,999,"1,035","1,080","1,138","1,218","1,287","1,342","1,393","1,416","1,345","1,396","1,463","1,536","1,552","1,643","1,718","1,769","1,818","1,923","2,004","1,969","2,084","2,298","2,490"
East Midlands ,E07000175,Newark and Sherwood,"1,433","1,522","1,566","1,598","1,663","1,764","1,822","1,908","2,005","2,070","2,126","2,068","2,144","2,297","2,355","2,414","2,440","2,584","2,677","2,804","2,874","2,967","2,841","3,031","3,437","3,459"
East Midlands ,E07000172,Broxtowe,"1,441","1,494","1,483","1,491","1,569","1,624","1,695","1,822","1,891","1,950","1,967","1,967","2,049","2,137","2,243","2,307","2,298","2,385","2,473","2,506","2,527","2,364","2,366","2,569","2,895","3,169"
East Midlands ,E07000173,Gedling,"1,024","1,056","1,068","1,119","1,159","1,189","1,235","1,294","1,349","1,400","1,437","1,376","1,425","1,478","1,565","1,567","1,603","1,682","1,734","1,780","1,814","1,848","1,854","2,010","2,162","2,333"
East Midlands ,E07000176,Rushcliffe,"1,426","1,511","1,562","1,653","1,670","1,712","1,830","1,928","2,007","2,139","2,227","2,149","2,229","2,239","2,321","2,455","2,525","2,593","2,620","2,748","3,157","3,483","3,369","3,365","3,871","4,131"
East Midlands ,E06000016,Leicester,"4,223","4,363","4,585","4,709","4,848","5,179","5,563","5,825","6,236","6,568","6,820","6,728","7,124","7,257","7,494","7,813","8,477","8,770","9,038","9,200","9,543","9,817","9,332","10,281","10,643","11,439"
East Midlands ,E06000017,Rutland,522,541,581,599,616,646,672,698,736,754,793,754,800,793,808,817,850,897,944,931,955,945,925,"1,062","1,152","1,220"
East Midlands ,E07000129,Blaby,"1,631","1,631","1,749","1,781","1,869","2,018","2,282","2,405","2,599","2,795","2,976","3,094","3,104","2,980","3,218","3,548","3,727","3,850","3,777","3,943","4,020","4,059","3,544","3,956","4,717","5,441"
East Midlands ,E07000130,Charnwood,"2,106","2,186","2,320","2,517","2,623","2,770","2,911","3,034","3,169","3,222","3,407","3,247","3,372","3,380","3,415","3,335","3,476","3,651","3,885","4,044","4,167","4,174","4,067","4,512","4,785","5,514"
East Midlands ,E07000131,Harborough,"1,166","1,218","1,271","1,284","1,344","1,449","1,488","1,563","1,674","1,775","1,816","1,714","1,827","1,836","1,866","1,907","2,078","2,173","2,195","2,319","2,376","2,506","2,373","2,604","2,814","3,003"
East Midlands ,E07000132,Hinckley and Bosworth,"1,325","1,348","1,440","1,486","1,525","1,610","1,667","1,717","1,875","1,973","2,090","1,913","2,058","2,109","2,178","2,288","2,422","2,438","2,473","2,618","2,664","2,748","2,572","2,912","3,142","3,301"
East Midlands ,E07000133,Melton,694,707,732,746,783,808,827,829,896,947,990,992,"1,041","1,038","1,070","1,101","1,101","1,222","1,275","1,289","1,367","1,429","1,328","1,496","1,573","1,646"
East Midlands ,E07000134,North West Leicestershire,"1,836","1,873","1,964","2,001","2,094","2,278","2,344","2,456","2,624","2,789","2,843","2,683","2,874","2,873","2,961","3,222","3,356","3,408","3,621","3,706","4,015","4,160","3,734","4,397","4,888","5,381"
East Midlands ,E07000135,Oadby and Wigston,536,555,577,595,608,648,676,690,730,755,789,757,794,801,839,853,856,860,895,894,918,944,880,"1,002","1,052","1,172"
East Midlands ,E06000062,West Northamptonshire,"5,969","6,107","6,531","6,750","6,976","7,300","7,680","8,087","8,769","9,296","9,594","9,244","9,716","9,900","10,023","10,706","11,219","11,656","12,169","12,901","13,726","14,271","13,505","15,098","16,308","17,434"
East Midlands ,E06000061,North Northamptonshire,"4,076","4,206","4,400","4,486","4,538","4,818","5,036","5,208","5,466","5,743","5,959","5,685","6,026","6,003","6,312","6,563","6,906","7,134","7,363","7,554","7,879","8,209","7,791","8,631","9,335","9,936"
East Midlands ,E07000136,Boston,743,751,798,867,911,963,946,995,"1,038","1,096","1,144","1,105","1,139","1,198","1,256","1,322","1,421","1,436","1,484","1,572","1,642","1,696","1,569","1,682","1,773","1,885"
East Midlands ,E07000137,East Lindsey,"1,374","1,407","1,485","1,581","1,690","1,756","1,756","1,827","1,956","1,995","2,110","2,018","2,099","2,206","2,255","2,380","2,449","2,491","2,543","2,688","2,751","2,954","2,758","3,021","3,205","3,402"
East Midlands ,E07000138,Lincoln,"1,358","1,394","1,426","1,527","1,626","1,762","1,781","1,874","2,045","2,171","2,316","2,274","2,326","2,365","2,402","2,527","2,602","2,760","2,793","2,897","3,047","3,185","2,994","3,133","3,294","3,597"
East Midlands ,E07000139,North Kesteven,"1,361","1,407","1,467","1,579","1,679","1,760","1,738","1,809","1,952","2,038","2,130","2,039","2,097","2,141","2,253","2,370","2,477","2,498","2,502","2,734","2,912","3,101","3,011","3,318","3,587","3,779"
East Midlands ,E07000140,South Holland,"1,141","1,168","1,232","1,329","1,361","1,419","1,366","1,421","1,501","1,584","1,632","1,592","1,635","1,685","1,781","1,906","1,965","1,986","2,099","2,284","2,404","2,469","2,437","2,709","2,735","2,956"
East Midlands ,E07000141,South Kesteven,"1,609","1,643","1,711","1,858","1,954","2,088","2,098","2,185","2,309","2,454","2,578","2,462","2,582","2,607","2,772","2,870","2,956","2,946","2,959","3,196","3,269","3,407","3,219","3,436","3,716","3,973"
East Midlands ,E07000142,West Lindsey,844,853,942,977,"1,036","1,084","1,082","1,120","1,186","1,230","1,314","1,237","1,284","1,321","1,372","1,486","1,564","1,587","1,587","1,657","1,781","1,955","1,883","2,133","2,297","2,432"
West Midlands ,E06000019,"Herefordshire, County of","2,400","2,531","2,660","2,696","2,829","2,914","2,904","2,992","3,104","3,192","3,361","3,222","3,287","3,485","3,604","3,765","3,966","4,065","4,130","4,317","4,512","4,653","4,397","4,754","5,251","5,645"
West Midlands ,E07000234,Bromsgrove,"1,494","1,549","1,645","1,663","1,661","1,779","1,943","2,070","2,275","2,062","2,209","2,342","2,402","2,544","2,712","2,810","2,853","2,707","2,829","3,182","3,240","3,252","3,146","3,300","3,916","4,230"
West Midlands ,E07000235,Malvern Hills,953,"1,018","1,058","1,114","1,210","1,242","1,292","1,306","1,364","1,410","1,463","1,417","1,511","1,601","1,584","1,585","1,657","1,659","1,708","1,779","1,910","2,033","1,878","1,951","2,196","2,418"
West Midlands ,E07000236,Redditch,"1,123","1,166","1,210","1,222","1,236","1,299","1,383","1,411","1,495","1,523","1,584","1,524","1,601","1,698","1,794","1,952","2,160","2,283","2,342","2,514","2,484","2,434","2,261","2,304","2,543","2,785"
West Midlands ,E07000237,Worcester,"1,642","1,719","1,805","1,832","1,885","2,032","2,156","2,211","2,357","2,419","2,490","2,446","2,534","2,662","2,907","3,096","3,185","3,294","3,108","3,277","3,363","3,416","3,349","3,497","3,943","4,209"
West Midlands ,E07000238,Wychavon,"1,566","1,662","1,747","1,797","1,805","1,919","2,008","2,051","2,177","2,239","2,343","2,216","2,282","2,454","2,587","2,634","2,826","2,952","3,029","3,200","3,377","3,544","3,493","3,713","3,950","4,262"
West Midlands ,E07000239,Wyre Forest,980,"1,026","1,060","1,075","1,101","1,168","1,218","1,255","1,317","1,354","1,390","1,320","1,355","1,431","1,484","1,512","1,578","1,572","1,628","1,699","1,752","1,807","1,718","1,843","2,045","2,146"
West Midlands ,E07000218,North Warwickshire,"1,471","1,588","1,642","1,644","1,673","1,759","1,820","1,897","2,006","2,016","2,056","1,954","2,076","2,179","2,367","2,502","2,593","2,731","2,690","3,006","3,313","3,300","3,056","3,282","3,749","4,106"
West Midlands ,E07000219,Nuneaton and Bedworth,"1,102","1,166","1,210","1,236","1,256","1,315","1,387","1,435","1,509","1,546","1,606","1,521","1,580","1,678","1,820","1,983","2,140","2,200","2,197","2,388","2,505","2,583","2,457","2,619","2,992","3,212"
West Midlands ,E07000220,Rugby,"1,554","1,689","1,758","1,809","1,867","1,965","2,129","2,191","2,314","2,390","2,484","2,321","2,440","2,563","2,663","2,743","2,873","3,054","3,202","3,409","3,380","3,300","3,151","3,422","4,008","4,510"
West Midlands ,E07000221,Stratford-on-Avon,"2,077","2,257","2,421","2,449","2,523","2,564","2,616","2,926","3,109","3,198","3,348","3,103","3,329","3,550","3,785","4,165","4,323","4,509","4,758","5,437","5,576","5,558","4,920","5,378","5,996","6,897"
West Midlands ,E07000222,Warwick,"2,646","2,815","2,891","2,936","3,096","3,438","3,580","3,713","3,920","3,990","4,131","4,076","4,216","4,425","4,653","5,143","5,614","6,117","6,322","7,060","7,023","7,170","6,920","6,743","8,018","9,397"
West Midlands ,E06000020,Telford and Wrekin,"2,584","2,686","2,715","2,863","2,947","3,073","3,239","3,339","3,451","3,532","3,647","3,516","3,628","3,787","3,908","4,090","4,194","4,253","4,637","4,813","4,973","5,248","5,258","5,935","6,208","6,400"
West Midlands ,E06000051,Shropshire,"3,773","3,857","3,987","4,153","4,400","4,648","4,867","5,102","5,283","5,435","5,743","5,473","5,655","5,858","5,974","6,251","6,489","6,568","6,801","6,967","7,278","7,378","7,003","7,990","8,462","8,992"
West Midlands ,E06000021,Stoke-on-Trent,"3,179","3,211","3,276","3,370","3,536","3,732","4,000","4,184","4,366","4,527","4,805","4,716","4,831","5,042","5,181","5,395","5,479","5,602","5,621","5,988","6,371","6,591","6,460","7,167","7,160","7,798"
West Midlands ,E07000192,Cannock Chase,"1,228","1,249","1,291","1,360","1,438","1,504","1,565","1,659","1,701","1,746","1,787","1,652","1,723","1,791","1,840","1,920","2,003","2,109","2,147","2,372","2,471","2,458","2,255","2,510","2,592","2,840"
West Midlands ,E07000193,East Staffordshire,"2,383","2,411","2,481","2,515","2,675","2,819","3,064","3,207","3,272","3,295","3,431","3,124","3,375","3,566","3,613","3,701","3,726","3,860","3,898","3,779","3,902","4,096","3,697","4,299","4,504","4,822"
West Midlands ,E07000194,Lichfield,"1,324","1,369","1,403","1,464","1,565","1,664","1,760","1,821","1,891","1,943","2,037","1,921","2,001","2,045","2,152","2,248","2,376","2,593","2,689","2,798","2,668","2,804","2,685","3,108","3,274","3,481"
West Midlands ,E07000195,Newcastle-under-Lyme,"1,425","1,463","1,484","1,544","1,617","1,704","1,816","1,906","1,947","2,008","2,103","2,016","2,099","2,190","2,165","2,236","2,304","2,377","2,458","2,509","2,587","2,690","2,489","2,855","2,941","3,180"
West Midlands ,E07000196,South Staffordshire,"1,173","1,203","1,234","1,270","1,345","1,396","1,445","1,482","1,538","1,571","1,626","1,537","1,617","1,685","1,676","1,739","1,784","1,863","1,950","2,095","2,161","2,316","2,300","2,591","2,541","2,715"
West Midlands ,E07000197,Stafford,"1,908","1,910","1,978","2,053","2,154","2,275","2,343","2,420","2,535","2,639","2,778","2,727","2,860","2,935","2,985","3,114","3,242","3,308","3,495","3,617","3,660","3,752","3,552","4,015","4,053","4,289"
West Midlands ,E07000198,Staffordshire Moorlands,"1,011","1,034","1,032","1,052","1,106","1,180","1,244","1,280","1,334","1,382","1,435","1,318","1,409","1,476","1,491","1,642","1,688","1,631","1,627","1,737","1,834","1,837","1,704","1,983","2,024","2,166"
West Midlands ,E07000199,Tamworth,899,928,950,"1,000","1,045","1,102","1,169","1,221","1,256","1,294","1,322","1,233","1,286","1,332","1,287","1,316","1,387","1,512","1,584","1,747","1,888","1,918","1,823","2,233","2,280","2,265"
West Midlands ,E08000025,Birmingham,"14,976","15,501","15,940","16,762","17,388","18,401","19,598","20,592","21,156","22,254","22,621","22,264","23,109","23,741","24,321","25,485","26,534","27,405","28,791","29,522","30,739","31,496","29,560","32,280","35,353","38,902"
West Midlands ,E08000029,Solihull,"4,557","4,631","4,877","5,108","5,179","5,369","5,508","5,742","5,866","6,099","6,086","5,692","6,169","6,373","6,683","6,966","7,339","8,035","9,063","9,887","10,184","10,506","9,075","9,541","10,783","11,614"
West Midlands ,E08000026,Coventry,"5,385","5,529","5,686","5,938","6,033","6,308","6,599","6,972","7,075","7,459","7,729","7,675","8,106","8,319","8,499","8,737","9,395","9,969","10,919","10,752","10,937","11,191","10,328","11,147","11,902","12,884"
West Midlands ,E08000027,Dudley,"3,666","3,797","3,865","4,040","4,164","4,256","4,417","4,559","4,694","4,895","4,925","4,615","4,814","4,964","5,165","5,282","5,420","5,471","5,669","5,890","5,988","6,168","5,699","6,339","6,850","7,111"
West Midlands ,E08000028,Sandwell,"4,097","4,159","4,204","4,299","4,470","4,668","4,817","4,980","5,192","5,264","5,348","5,209","5,333","5,363","5,561","5,760","6,236","6,455","6,760","7,082","7,340","7,344","7,086","7,378","7,773","8,346"
West Midlands ,E08000030,Walsall,"3,003","3,089","3,138","3,221","3,313","3,460","3,622","3,772","3,850","3,992","4,051","3,810","4,021","4,276","4,444","4,698","4,997","5,091","5,344","5,430","5,447","5,454","4,985","5,592","5,930","6,348"
West Midlands ,E08000031,Wolverhampton,"3,319","3,458","3,554","3,705","3,838","3,976","4,154","4,348","4,482","4,648","4,736","4,472","4,605","4,816","4,809","4,865","4,966","4,826","5,165","5,503","5,804","5,986","5,554","6,246","6,799","7,240"
East ,E06000032,Luton,"3,142","3,273","3,559","3,724","3,822","4,003","4,060","4,221","4,360","4,641","4,860","4,523","4,620","4,681","4,848","5,349","5,923","6,216","6,328","6,666","6,747","7,024","5,910","6,314","7,103","7,654"
East ,E06000055,Bedford,"2,271","2,392","2,501","2,631","2,745","2,891","2,987","3,211","3,310","3,426","3,584","3,447","3,458","3,474","3,562","3,699","3,950","4,127","4,274","4,597","4,653","4,887","4,451","5,001","5,521","5,847"
East ,E06000056,Central Bedfordshire,"3,272","3,418","3,633","3,763","3,937","4,108","4,193","4,421","4,494","4,638","4,821","4,583","4,749","4,924","5,098","5,462","5,783","6,042","6,454","6,979","7,065","7,036","6,327","7,040","7,740","8,521"
East ,E07000095,Broxbourne,"1,488","1,604","1,684","1,751","1,792","1,913","1,937","2,091","2,208","2,340","2,573","2,435","2,370","2,381","2,507","2,619","2,772","2,743","2,536","2,627","2,656","2,649","2,447","2,691","2,781","2,938"
East ,E07000099,North Hertfordshire,"1,926","2,031","2,176","2,245","2,306","2,448","2,503","2,673","2,720","2,784","2,890","2,805","2,898","2,974","3,052","3,264","3,496","3,560","3,658","3,868","4,016","4,120","4,117","4,618","4,780","5,363"
East ,E07000241,Welwyn Hatfield,"2,506","2,711","2,807","2,941","3,084","3,252","3,392","3,692","3,744","3,874","3,981","3,725","3,665","3,522","3,551","3,843","4,090","4,176","4,295","4,778","5,121","6,009","5,997","6,527","6,588","7,038"
East ,E07000242,East Hertfordshire,"2,210","2,441","2,570","2,676","2,746","2,895","2,958","3,252","3,521","3,737","4,211","3,966","3,767","3,674","3,429","3,468","3,689","3,770","4,294","4,343","4,371","4,602","4,354","4,875","5,096","5,957"
East ,E07000243,Stevenage,"1,604","1,721","1,783","1,832","1,891","2,020","2,159","2,370","2,415","2,481","2,562","2,370","2,362","2,348","2,486","2,636","2,706","2,777","2,785","2,979","2,916","2,956","2,655","2,912","3,170","3,450"
East ,E07000096,Dacorum,"2,362","2,474","2,611","2,734","2,852","3,012","3,145","3,318","3,404","3,566","3,710","3,527","3,575","3,704","3,739","3,858","4,014","4,180","4,339","4,803","4,934","5,180","5,185","5,762","6,276","6,976"
East ,E07000098,Hertsmere,"2,074","2,181","2,242","2,361","2,372","2,516","2,644","2,861","2,901","3,056","3,206","3,208","3,150","3,182","3,307","3,547","3,781","3,903","4,242","4,651","4,687","4,771","4,531","5,356","5,560","5,684"
East ,E07000102,Three Rivers,"1,922","2,030","2,091","2,229","2,305","2,499","2,611","2,680","2,666","2,814","2,882","2,756","2,828","2,971","2,930","3,301","3,706","3,859","4,037","4,522","4,804","5,042","4,630","4,849","5,024","5,642"
East ,E07000103,Watford,"2,043","2,140","2,270","2,401","2,520","2,707","2,890","3,040","3,160","3,349","3,472","3,405","3,378","3,458","3,662","4,010","4,338","4,814","5,171","5,702","5,630","5,514","4,857","5,265","5,445","5,668"
East ,E07000240,St Albans,"2,196","2,289","2,469","2,548","2,670","2,775","2,951","3,134","3,205","3,346","3,435","3,224","3,346","3,407","3,442","3,614","3,845","4,387","4,565","4,778","4,883","5,074","4,769","5,176","5,684","5,810"
East ,E06000033,Southend-on-Sea,"1,770","1,843","1,922","2,040","2,132","2,298","2,413","2,491","2,642","2,748","2,833","2,810","2,882","2,923","3,021","3,067","3,191","3,229","3,351","3,576","3,689","3,621","3,223","3,615","3,747","3,999"
East ,E06000034,Thurrock,"2,358","2,344","2,381","2,548","2,586","2,935","3,044","3,216","3,332","3,464","3,514","3,444","3,565","3,449","3,577","3,519","3,793","4,064","4,134","4,609","4,838","4,972","4,682","5,286","6,140","6,685"
East ,E07000067,Braintree,"1,821","1,835","1,953","2,068","2,099","2,299","2,360","2,430","2,520","2,596","2,645","2,535","2,658","2,669","2,727","2,831","3,124","3,395","3,868","4,356","4,269","4,050","3,677","4,262","4,601","4,853"
East ,E07000071,Colchester,"2,236","2,286","2,431","2,617","2,699","2,929","3,010","3,153","3,284","3,429","3,526","3,494","3,678","3,785","3,979","4,030","4,212","4,482","4,642","4,939","5,168","5,422","4,869","5,408","5,896","6,575"
East ,E07000076,Tendring,"1,233","1,263","1,301","1,373","1,402","1,527","1,596","1,641","1,681","1,734","1,818","1,696","1,785","1,815","1,832","1,880","1,942","2,040","2,128","2,279","2,324","2,431","2,278","2,552","2,761","3,022"
East ,E07000072,Epping Forest,"1,889","1,986","2,082","2,247","2,390","2,596","2,667","2,744","2,915","3,071","3,088","3,040","3,203","3,201","3,209","3,224","3,411","3,762","4,105","4,434","4,556","4,591","4,077","4,594","4,957","5,088"
East ,E07000073,Harlow,"1,547","1,569","1,626","1,722","1,798","1,987","2,082","2,148","2,231","2,303","2,317","2,103","2,219","2,120","2,071","2,148","2,174","2,264","2,356","2,529","2,605","2,461","2,241","2,589","2,777","3,012"
East ,E07000077,Uttlesford,"1,253","1,334","1,418","1,484","1,543","1,671","1,704","1,769","1,819","1,905","1,965","1,915","2,026","2,064","2,132","2,306","2,374","2,460","2,533","2,656","2,735","2,890","2,503","2,888","3,286","3,705"
East ,E07000068,Brentwood,"1,437","1,467","1,585","1,726","1,780","1,922","1,944","2,034","2,146","2,270","2,279","2,215","2,300","2,307","2,204","2,294","2,760","3,175","3,285","3,593","3,734","3,815","3,152","3,465","3,831","3,851"
East ,E07000070,Chelmsford,"2,858","2,895","3,054","3,287","3,370","3,658","3,759","3,863","4,035","4,195","4,195","4,200","4,291","4,345","4,629","4,715","4,991","4,956","5,078","5,353","5,590","5,881","5,655","6,394","7,072","7,524"
East ,E07000074,Maldon,681,698,742,783,804,869,885,901,938,959,"1,004",948,"1,004","1,024","1,041","1,087","1,124","1,143","1,188","1,284","1,289","1,341","1,263","1,394","1,529","1,601"
East ,E07000066,Basildon,"3,141","3,165","3,422","3,606","3,706","4,020","4,063","4,215","4,376","4,540","4,793","4,451","4,782","4,837","5,092","5,420","5,654","5,587","5,865","6,093","6,335","6,722","6,462","7,073","7,893","7,896"
East ,E07000069,Castle Point,653,676,709,752,775,840,850,878,903,944,972,927,970,994,"1,018","1,044","1,104","1,151","1,162","1,224","1,255","1,297","1,232","1,364","1,519","1,578"
East ,E07000075,Rochford,774,802,843,879,887,951,961,994,"1,029","1,052","1,089","1,030","1,059","1,082","1,153","1,215","1,267","1,340","1,405","1,450","1,486","1,565","1,535","1,682","1,942","2,505"
East ,E06000031,Peterborough,"3,503","3,669","3,703","3,883","3,982","4,141","4,446","4,925","5,447","5,545","5,461","5,043","5,211","5,401","5,570","5,585","6,008","5,917","6,347","6,989","7,482","7,181","7,002","7,559","7,917","8,766"
East ,E07000008,Cambridge,"2,621","2,781","2,935","3,153","3,271","3,464","3,658","3,942","4,278","4,493","4,667","4,750","4,888","5,031","5,276","5,536","5,669","5,970","6,159","6,542","6,646","7,162","7,316","7,628","8,437","9,425"
East ,E07000009,East Cambridgeshire,"1,050","1,076","1,130","1,195","1,302","1,340","1,320","1,397","1,468","1,510","1,601","1,583","1,612","1,680","1,713","1,773","1,863","1,924","2,003","2,101","2,144","2,326","2,310","2,339","2,410","2,652"
East ,E07000010,Fenland,"1,058","1,092","1,163","1,222","1,299","1,356","1,381","1,439","1,498","1,552","1,609","1,605","1,675","1,744","1,797","1,887","1,939","1,949","1,975","2,065","2,050","2,121","2,039","2,222","2,381","2,596"
East ,E07000011,Huntingdonshire,"2,379","2,513","2,640","2,765","2,884","3,029","3,128","3,277","3,505","3,641","3,754","3,699","3,896","3,993","4,068","4,136","4,369","4,495","4,767","4,944","5,019","5,386","5,132","5,443","5,734","6,256"
East ,E07000012,South Cambridgeshire,"2,552","2,682","2,798","2,931","3,110","3,244","3,414","3,563","3,817","4,005","4,143","4,040","4,264","4,348","4,675","4,688","4,809","5,094","5,318","5,644","5,785","6,029","6,099","6,512","7,245","7,733"
East ,E07000144,Broadland,"1,418","1,439","1,547","1,599","1,706","1,821","1,865","1,926","2,107","2,237","2,433","2,627","2,658","2,605","2,707","2,901","2,912","3,062","3,328","3,773","3,609","4,422","4,015","4,560","4,896","5,434"
East ,E07000145,Great Yarmouth,"1,070","1,102","1,161","1,214","1,276","1,351","1,426","1,466","1,584","1,634","1,731","1,715","1,763","1,824","2,006","2,031","2,096","2,077","1,938","1,960","1,913","2,048","1,916","2,103","2,474","2,699"
East ,E07000148,Norwich,"2,025","2,138","2,272","2,401","2,489","2,623","2,779","3,001","3,260","3,343","3,358","3,330","3,390","3,498","3,650","3,890","4,052","4,107","4,177","4,434","4,412","4,649","4,332","4,484","4,853","5,279"
East ,E07000146,King's Lynn and West Norfolk,"1,897","1,963","2,063","2,119","2,218","2,340","2,356","2,485","2,581","2,661","2,778","2,770","2,826","2,927","3,061","3,168","3,241","3,277","3,398","3,445","3,490","3,622","3,455","3,596","3,894","4,149"
East ,E07000147,North Norfolk,"1,000","1,033","1,093","1,141","1,208","1,257","1,282","1,342","1,406","1,450","1,520","1,467","1,499","1,544","1,576","1,594","1,688","1,714","1,761","1,824","1,836","1,868","1,795","1,961","2,067","2,217"
East ,E07000143,Breckland,"1,315","1,385","1,480","1,572","1,649","1,717","1,761","1,851","1,996","2,054","2,136","2,126","2,181","2,268","2,289","2,377","2,492","2,581","2,694","2,770","2,778","2,956","2,912","3,139","3,380","3,697"
East ,E07000149,South Norfolk,"1,443","1,541","1,656","1,723","1,814","1,935","2,020","2,120","2,247","2,309","2,350","2,302","2,394","2,480","2,616","2,700","2,804","2,817","2,899","3,004","3,036","3,243","3,218","3,480","3,833","4,237"
East ,E07000200,Babergh,"1,106","1,157","1,218","1,274","1,324","1,369","1,398","1,431","1,510","1,554","1,585","1,534","1,630","1,672","1,703","1,746","1,830","1,855","1,898","1,938","1,935","2,052","1,984","2,157","2,323","2,487"
East ,E07000203,Mid Suffolk,"1,161","1,221","1,308","1,352","1,432","1,487","1,526","1,588","1,662","1,724","1,800","1,755","1,810","1,871","1,938","1,980","2,068","2,140","2,212","2,345","2,472","2,603","2,489","2,646","2,888","3,189"
East ,E07000202,Ipswich,"2,210","2,323","2,398","2,495","2,569","2,732","2,945","3,243","3,553","3,583","3,550","3,433","3,390","3,442","3,584","3,816","4,059","4,222","4,506","4,580","4,640","4,820","4,686","4,676","5,090","5,928"
East ,E07000244,East Suffolk,"3,034","3,177","3,365","3,470","3,643","3,857","3,994","4,220","4,408","4,534","4,603","4,412","4,553","4,747","4,919","5,097","5,226","5,253","5,359","5,642","5,749","6,169","5,779","6,261","6,943","7,264"
East ,E07000245,West Suffolk,"2,754","2,888","3,071","3,228","3,379","3,501","3,621","3,804","4,097","4,225","4,420","4,386","4,513","4,670","4,853","5,079","5,212","5,475","5,790","6,024","6,100","6,358","5,756","6,110","6,527","6,812"
London,E09000013,Hammersmith and Fulham,"3,975","4,311","4,619","4,878","5,074","5,372","5,623","5,930","5,973","6,533","6,968","6,788","7,000","7,419","8,041","8,646","9,432","9,997","10,240","10,930","11,676","12,496","11,767","12,184","12,732","14,670"
London,E09000020,Kensington and Chelsea,"4,164","4,441","4,777","5,001","5,163","5,337","5,641","5,954","6,209","6,880","7,350","6,854","7,070","7,576","8,663","9,529","10,218","10,340","10,328","10,341","11,129","10,580","9,018","9,670","11,756","12,309"
London,E09000032,Wandsworth,"3,604","3,925","4,179","4,423","4,629","4,826","5,010","5,345","5,595","6,091","6,268","5,951","6,125","6,492","7,024","7,407","7,969","8,483","8,645","8,560","8,761","8,799","7,708","8,395","9,333","10,349"
London,E09000001,City of London,"24,521","24,990","28,092","27,873","29,137","31,514","33,859","38,489","43,145","47,725","46,644","49,387","52,956","54,241","54,179","57,894","61,275","61,922","66,912","70,890","75,170","79,581","82,796","92,044","99,321","110,766"
London,E09000033,Westminster,"26,858","28,591","31,422","32,476","33,613","35,269","36,754","40,178","41,777","46,238","48,226","47,097","49,313","51,012","53,808","56,674","60,974","61,009","68,064","70,691","73,549","76,895","71,379","79,438","90,903","97,121"
London,E09000007,Camden,"10,631","11,332","12,341","12,940","13,371","14,274","15,330","16,512","17,047","18,699","19,385","19,207","19,740","20,742","21,467","23,193","25,630","29,599","33,158","34,552","35,655","35,924","29,983","33,894","39,173","41,594"
London,E09000012,Hackney,"2,788","2,986","3,223","3,387","3,531","3,758","3,925","4,225","4,405","4,764","4,950","4,861","5,150","5,544","5,714","5,957","6,565","6,871","7,283","7,864","8,813","10,074","9,986","10,945","12,624","14,270"
London,E09000025,Newham,"3,109","3,243","3,464","3,621","3,774","3,966","4,087","4,310","4,449","4,758","5,017","4,843","5,129","5,461","5,838","6,011","6,303","6,636","6,851","7,244","7,478","7,891","7,239","7,990","9,020","9,739"
London,E09000030,Tower Hamlets,"12,796","13,197","14,741","14,954","15,624","16,657","17,899","20,040","22,052","24,447","25,393","26,500","27,677","30,020","29,439","31,033","32,982","33,502","35,672","38,549","37,716","37,282","35,966","36,586","40,812","46,180"
London,E09000014,Haringey,"2,151","2,306","2,431","2,567","2,666","2,774","2,898","3,069","3,130","3,388","3,447","3,287","3,518","3,714","3,913","3,952","4,310","4,511","4,466","4,657","4,832","4,901","4,329","4,719","5,405","5,593"
London,E09000019,Islington,"7,645","8,039","8,910","9,161","9,501","10,044","10,570","11,284","11,812","13,074","13,833","13,719","14,333","15,139","15,594","16,892","18,124","19,013","19,473","19,699","20,765","21,247","19,504","21,194","25,680","27,222"
London,E09000023,Lewisham,"2,062","2,187","2,324","2,493","2,591","2,770","2,883","3,074","3,220","3,449","3,558","3,356","3,532","3,786","3,985","4,053","4,316","4,456","4,457","4,490","4,570","4,699","4,339","4,477","4,817","5,038"
London,E09000028,Southwark,"7,128","7,597","8,427","8,726","9,024","9,473","9,986","10,846","11,294","12,555","13,241","13,280","14,117","15,587","16,343","16,923","16,652","17,937","19,078","19,533","21,265","22,555","20,489","21,369","24,184","27,256"
London,E09000022,Lambeth,"5,146","5,522","6,038","6,432","6,541","6,926","7,320","7,962","8,124","9,074","9,624","9,375","10,190","10,913","11,146","10,633","12,000","12,451","13,112","13,404","13,827","13,833","12,114","13,628","16,011","16,429"
London,E09000004,Bexley,"3,452","3,646","3,794","3,947","4,101","4,322","4,434","4,673","4,917","5,167","5,283","5,005","5,174","5,292","5,701","6,304","6,435","6,700","7,074","6,887","6,922","7,127","6,400","6,746","7,153","7,570"
London,E09000011,Greenwich,"2,968","3,150","3,267","3,370","3,542","3,761","3,960","4,192","4,453","4,634","4,757","4,438","4,753","4,975","5,093","5,264","5,509","5,689","5,929","6,293","6,517","6,833","5,863","6,421","7,294","7,493"
London,E09000002,Barking and Dagenham,"2,635","2,614","2,606","2,604","2,603","2,690","2,814","2,842","3,113","3,272","3,338","3,100","3,462","3,591","3,786","4,108","4,173","4,138","4,031","4,017","4,110","4,183","3,585","4,121","4,614","4,914"
London,E09000016,Havering,"3,368","3,571","3,714","3,851","3,995","4,236","4,394","4,630","4,885","5,132","5,063","4,684","4,870","4,921","5,284","5,456","5,798","5,956","6,217","6,349","6,599","6,762","6,193","7,034","8,075","8,357"
London,E09000026,Redbridge,"2,970","3,163","3,304","3,409","3,579","3,805","4,001","4,185","4,438","4,626","4,638","4,279","4,448","4,604","4,944","5,071","5,229","5,538","5,697","5,826","5,947","5,856","5,203","5,849","6,570","7,038"
London,E09000031,Waltham Forest,"2,423","2,563","2,661","2,779","2,924","3,104","3,246","3,417","3,622","3,814","3,782","3,476","3,646","3,799","4,095","4,239","4,477","4,715","4,835","4,915","5,045","5,199","4,529","5,013","5,721","6,122"
London,E09000010,Enfield,"4,243","4,510","4,713","4,911","5,143","5,508","5,749","6,007","6,393","6,766","6,766","6,185","6,595","6,758","7,026","7,291","7,658","8,064","8,267","8,260","8,830","9,122","8,205","8,945","9,531","9,818"
London,E09000006,Bromley,"4,995","5,307","5,400","5,568","5,874","6,260","6,536","6,829","7,314","7,618","7,573","7,064","7,280","7,474","7,852","8,119","8,252","8,414","8,814","9,131","9,314","9,134","8,211","8,415","9,435","9,938"
London,E09000008,Croydon,"5,677","5,989","6,319","6,528","6,721","7,136","7,438","7,834","8,139","8,731","8,674","8,241","8,284","8,384","8,569","8,764","9,595","9,685","9,934","10,215","10,973","11,589","10,755","11,426","12,825","13,664"
London,E09000021,Kingston upon Thames,"2,930","3,117","3,282","3,384","3,510","3,710","3,905","4,078","4,289","4,573","4,641","4,381","4,447","4,565","4,673","4,683","5,049","5,118","5,699","5,730","5,870","5,954","5,206","5,087","5,805","6,275"
London,E09000024,Merton,"3,462","3,693","3,854","3,960","4,025","4,193","4,332","4,550","4,753","5,026","5,052","4,660","4,835","4,992","5,248","5,589","5,988","6,139","6,308","6,240","6,335","6,545","5,852","6,399","6,947","7,590"
London,E09000029,Sutton,"2,759","2,922","3,094","3,185","3,293","3,472","3,605","3,791","3,983","4,218","4,236","3,912","4,037","4,135","4,286","4,360","4,585","4,589","4,810","4,934","4,937","5,049","4,602","4,967","5,666","6,191"
London,E09000003,Barnet,"4,767","5,124","5,328","5,517","5,776","6,120","6,360","6,642","7,100","7,443","7,384","6,998","7,312","7,557","8,168","8,381","8,906","9,203","9,604","9,699","10,007","10,213","9,616","10,401","11,884","12,292"
London,E09000005,Brent,"4,542","4,907","5,158","5,327","5,524","5,722","5,849","6,165","6,559","6,848","6,863","6,440","6,732","6,969","7,530","7,925","8,618","9,091","9,493","9,644","9,643","10,132","9,222","9,689","10,945","11,600"
London,E09000009,Ealing,"5,305","5,655","5,903","6,101","6,292","6,612","6,810","7,067","7,452","7,833","7,881","7,349","7,645","7,944","8,527","9,050","9,715","10,140","10,576","10,380","10,486","10,467","9,927","10,131","11,161","11,376"
London,E09000015,Harrow,"3,021","3,211","3,310","3,418","3,593","3,847","4,002","4,156","4,375","4,635","4,618","4,267","4,521","4,688","4,827","4,948","5,377","5,646","5,873","5,975","6,080","6,168","5,489","5,968","6,542","7,017"
London,E09000017,Hillingdon,"9,360","9,865","10,328","10,380","10,564","11,026","11,438","11,884","12,129","12,655","12,643","11,504","12,099","12,784","12,961","13,722","15,014","15,180","14,802","15,495","15,841","16,053","11,868","12,073","14,618","15,605"
London,E09000018,Hounslow,"6,760","7,260","7,832","8,154","8,428","8,678","8,864","9,349","10,499","11,374","12,111","11,770","12,272","12,649","13,427","14,688","15,973","16,835","17,780","17,955","17,713","18,485","13,921","13,747","17,171","18,058"
London,E09000027,Richmond upon Thames,"3,605","3,832","4,037","4,158","4,261","4,467","4,664","4,898","5,172","5,490","5,488","5,261","5,313","5,499","5,930","6,143","6,373","6,771","7,225","7,601","8,325","8,261","7,159","7,464","8,281","8,462"
South East ,E06000042,Milton Keynes,"5,547","5,769","6,145","6,541","7,014","7,607","7,622","8,013","8,419","8,881","9,171","8,831","9,297","9,713","9,987","10,575","11,765","13,096","12,930","13,996","14,534","14,955","14,282","15,286","16,973","17,878"
South East ,E06000060,Buckinghamshire,"9,178","9,650","10,129","10,499","10,817","11,331","11,512","12,134","12,548","13,140","13,764","13,394","13,631","14,233","14,585","15,061","15,574","15,773","16,138","16,402","17,011","18,310","17,654","18,761","19,960","21,363"
South East ,E07000177,Cherwell,"2,712","2,829","2,975","3,044","3,172","3,290","3,333","3,458","3,543","3,716","3,937","3,789","3,923","4,056","4,213","4,383","4,708","4,815","4,939","5,056","5,283","5,670","5,640","5,780","6,207","6,743"
South East ,E07000178,Oxford,"2,798","2,952","3,168","3,348","3,648","3,916","4,066","4,208","4,380","4,560","4,917","4,864","5,103","5,297","5,483","5,734","6,269","6,398","6,515","6,570","6,868","7,427","7,549","8,036","8,979","9,147"
South East ,E07000179,South Oxfordshire,"2,400","2,515","2,586","2,579","2,742","2,880","2,882","3,039","3,109","3,263","3,368","3,236","3,379","3,540","3,586","3,807","4,003","4,307","4,009","4,182","4,345","4,799","5,016","5,109","5,366","5,586"
South East ,E07000180,Vale of White Horse,"2,435","2,530","2,634","2,709","2,840","3,007","3,050","3,242","3,353","3,523","3,701","3,650","3,799","3,954","4,201","4,355","4,339","4,498","4,433","4,633","4,854","4,929","5,232","5,340","6,154","6,486"
South East ,E07000181,West Oxfordshire,"1,617","1,649","1,727","1,785","1,895","1,959","1,962","2,056","2,136","2,254","2,414","2,311","2,390","2,506","2,605","2,690","2,832","2,892","2,978","3,056","3,238","3,455","3,362","3,433","3,779","4,116"
South East ,E06000036,Bracknell Forest,"2,875","3,039","3,151","3,284","3,479","3,723","3,702","3,865","4,001","4,244","4,420","4,301","4,487","4,691","4,876","4,924","5,057","5,420","5,228","5,507","5,642","5,717","5,294","5,575","5,681","5,969"
South East ,E06000039,Slough,"4,693","5,070","5,492","5,593","5,833","6,188","6,337","6,621","6,844","7,121","7,378","7,291","7,398","7,797","7,803","8,027","8,337","8,213","8,398","8,367","8,737","9,272","9,792","10,104","10,548","11,437"
South East ,E06000040,Windsor and Maidenhead,"3,625","3,838","4,005","4,134","4,302","4,627","4,687","4,961","5,096","5,358","5,586","5,517","5,645","5,931","6,188","6,604","6,659","7,006","7,513","8,197","8,289","8,221","7,896","8,263","8,537","8,700"
South East ,E06000037,West Berkshire,"3,985","4,306","4,566","4,608","4,755","4,966","5,165","5,513","5,781","6,011","6,199","6,058","6,164","6,480","6,961","7,183","7,182","7,731","7,752","7,753","8,167","9,024","9,386","9,291","9,114","10,227"
South East ,E06000038,Reading,"3,834","4,176","4,527","4,537","4,616","4,921","5,239","5,614","5,813","6,066","6,359","6,448","6,448","6,732","7,125","7,285","7,804","7,828","8,185","8,172","9,028","9,182","8,761","9,437","10,369","11,599"
South East ,E06000041,Wokingham,"3,104","3,306","3,413","3,537","3,730","4,126","4,271","4,546","4,806","5,152","5,234","5,167","5,296","5,554","5,797","5,550","6,108","6,235","6,543","6,942","7,693","8,688","9,006","9,458","9,918","10,945"
South East ,E06000043,Brighton and Hove,"3,770","4,019","4,225","4,515","4,694","4,867","5,063","5,397","5,794","6,013","6,318","6,320","6,423","6,621","7,100","7,561","7,909","8,152","8,606","9,006","9,363","9,855","9,564","10,367","11,979","13,272"
South East ,E07000061,Eastbourne,"1,059","1,126","1,185","1,245","1,311","1,382","1,427","1,510","1,585","1,639","1,729","1,676","1,719","1,776","1,775","1,816","1,873","1,868","2,056","2,143","2,151","2,281","2,263","2,397","2,530","2,702"
South East ,E07000062,Hastings,880,916,946,986,"1,047","1,092","1,143","1,179","1,230","1,260","1,356","1,329","1,377","1,450","1,446","1,472","1,556","1,622","1,744","1,772","1,784","1,863","1,790","1,931","2,019","2,207"
South East ,E07000063,Lewes,"1,059","1,119","1,181","1,251","1,288","1,343","1,369","1,433","1,484","1,531","1,620","1,554","1,593","1,613","1,634","1,703","1,778","1,890","1,954","2,054","2,156","2,254","2,242","2,277","2,559","2,827"
South East ,E07000064,Rother,834,882,918,963,"1,002","1,047","1,074","1,130","1,184","1,227","1,293","1,236","1,249","1,269","1,265","1,331","1,405","1,503","1,567","1,551","1,556","1,648","1,621","1,809","1,899","2,026"
South East ,E07000065,Wealden,"1,638","1,738","1,811","1,871","1,943","2,000","2,025","2,119","2,209","2,275","2,419","2,275","2,373","2,420","2,441","2,513","2,678","2,822","2,916","3,017","3,083","3,183","3,038","3,348","3,615","3,899"
South East ,E07000207,Elmbridge,"2,724","2,916","3,108","3,209","3,225","3,321","3,413","3,528","3,775","3,891","4,020","3,846","3,978","4,166","4,269","4,460","5,394","6,012","6,349","6,681","7,035","7,603","7,406","7,487","7,483","8,382"
South East ,E07000209,Guildford,"2,941","3,141","3,336","3,400","3,506","3,612","3,713","3,882","4,118","4,280","4,512","4,469","4,679","4,698","4,841","5,030","5,063","5,432","5,463","5,473","5,744","6,176","6,058","6,588","7,005","7,340"
South East ,E07000212,Runnymede,"2,574","2,777","2,901","3,050","3,210","3,355","3,423","3,509","3,776","4,010","4,338","4,432","4,516","4,537","4,971","5,325","5,706","5,663","5,996","6,516","6,546","6,928","7,313","6,718","7,823","7,993"
South East ,E07000213,Spelthorne,"1,774","1,934","2,083","2,136","2,157","2,236","2,292","2,467","2,582","2,637","2,761","2,658","2,736","2,810","2,879","2,980","3,071","3,196","3,218","3,277","3,416","3,680","3,777","3,964","4,522","4,645"
South East ,E07000214,Surrey Heath,"1,964","2,056","2,145","2,201","2,245","2,345","2,408","2,488","2,672","2,793","2,845","2,786","3,074","3,105","3,273","3,437","3,237","3,502","3,444","3,468","3,858","4,298","4,351","4,102","4,273","4,377"
South East ,E07000216,Waverley,"2,015","2,135","2,275","2,370","2,449","2,560","2,624","2,756","2,947","3,026","3,170","3,079","3,167","3,254","3,190","3,307","3,447","3,663","3,583","3,646","3,620","3,785","3,775","4,088","4,356","4,535"
South East ,E07000217,Woking,"1,918","2,071","2,222","2,301","2,375","2,458","2,507","2,648","2,844","2,918","3,054","2,968","3,053","3,138","3,119","3,307","3,609","3,397","3,418","3,453","3,561","3,495","3,308","3,434","3,542","3,697"
South East ,E07000208,Epsom and Ewell,"1,044","1,107","1,170","1,213","1,277","1,316","1,357","1,399","1,503","1,554","1,632","1,591","1,654","1,674","1,752","1,714","1,787","1,868","1,916","1,916","1,900","1,995","1,950","2,004","2,189","2,410"
South East ,E07000210,Mole Valley,"2,169","2,319","2,461","2,575","2,655","2,722","2,891","3,083","3,358","3,489","3,591","3,515","3,614","3,686","4,316","4,823","4,844","4,299","4,413","4,438","4,549","4,672","4,345","4,412","5,102","5,896"
South East ,E07000211,Reigate and Banstead,"4,433","4,654","4,792","4,984","5,086","5,165","5,566","5,887","6,639","6,945","6,955","7,186","7,337","7,191","7,353","7,543","7,485","7,436","7,056","7,397","6,548","6,648","6,050","6,625","7,559","8,034"
South East ,E07000215,Tandridge,"1,183","1,275","1,329","1,368","1,431","1,482","1,510","1,570","1,663","1,738","1,813","1,709","1,801","1,830","1,744","1,841","2,027","2,147","2,177","2,116","2,149","2,246","2,101","2,307","2,550","2,830"
South East ,E07000223,Adur,735,772,808,842,862,887,904,949,"1,007","1,045","1,080","1,028","1,069","1,074","1,121","1,084","1,128","1,205","1,230","1,272","1,298","1,334","1,309","1,348","1,503","1,599"
South East ,E07000224,Arun,"1,402","1,478","1,528","1,609","1,673","1,751","1,783","1,838","1,901","1,968","2,079","1,967","2,067","2,129","2,211","2,348","2,444","2,482","2,617","2,707","2,849","2,916","2,754","3,041","3,356","3,706"
South East ,E07000225,Chichester,"1,860","1,936","2,053","2,098","2,167","2,267","2,312","2,421","2,529","2,574","2,772","2,724","2,805","2,911","3,035","3,185","3,259","3,469","3,563","3,763","3,836","4,032","3,757","3,970","4,296","4,658"
South East ,E07000229,Worthing,"1,651","1,960","2,041","2,046","2,315","2,482","2,484","2,453","2,583","2,741","2,897","2,717","2,886","2,941","3,111","3,194","3,144","3,288","3,589","4,047","4,259","4,498","4,540","4,751","4,909","5,267"
South East ,E07000226,Crawley,"3,435","3,561","3,607","3,605","3,741","3,821","3,817","3,822","4,103","4,320","4,636","4,500","4,754","4,866","5,150","5,424","5,602","6,023","6,279","6,638","6,715","6,855","5,171","5,524","6,260","6,666"
South East ,E07000227,Horsham,"1,954","2,124","2,209","2,272","2,403","2,490","2,526","2,651","2,769","2,892","3,088","2,941","3,069","3,164","3,230","3,075","3,221","3,291","3,472","3,545","3,902","3,985","3,885","4,063","4,302","4,941"
South East ,E07000228,Mid Sussex,"1,914","2,014","2,126","2,199","2,263","2,360","2,426","2,533","2,672","2,800","2,952","2,868","2,985","3,061","3,145","3,205","3,310","3,507","3,588","3,703","3,811","4,076","3,942","4,129","4,515","4,907"
South East ,E06000044,Portsmouth,"3,120","3,219","3,362","3,530","3,737","3,912","4,186","4,427","4,586","4,892","5,184","5,131","5,300","5,465","5,782","5,969","6,179","6,196","6,236","6,616","6,729","7,212","7,028","7,309","7,808","8,689"
South East ,E06000045,Southampton,"3,662","3,756","3,881","4,077","4,386","4,658","5,140","5,435","5,553","5,870","6,192","6,351","6,598","7,126","7,226","7,418","7,641","8,166","8,312","9,113","9,422","9,688","9,178","9,596","9,958","10,905"
South East ,E06000046,Isle of Wight,"1,373","1,432","1,502","1,560","1,674","1,756","1,866","1,932","2,038","2,092","2,199","2,109","2,189","2,298","2,409","2,576","2,703","2,769","2,769","2,905","2,952","3,127","2,977","3,194","3,534","3,774"
South East ,E07000086,Eastleigh,"2,244","2,278","2,428","2,627","2,727","2,844","2,957","3,086","3,223","3,351","3,423","3,286","3,470","3,583","3,677","3,764","4,066","4,228","4,426","4,758","4,640","4,893","4,540","4,971","5,354","5,814"
South East ,E07000087,Fareham,"1,718","1,742","1,831","1,900","1,936","1,992","2,082","2,193","2,259","2,353","2,466","2,347","2,481","2,604","2,752","2,857","3,042","3,053","3,236","3,377","3,357","3,496","3,354","3,605","3,969","4,144"
South East ,E07000088,Gosport,695,711,740,766,795,842,879,912,943,979,"1,033","1,014","1,050","1,081","1,097","1,146","1,215","1,234","1,283","1,346","1,358","1,369","1,337","1,439","1,503","1,670"
South East ,E07000090,Havant,"1,661","1,668","1,753","1,789","1,908","1,888","1,994","2,095","2,192","2,344","2,493","2,478","2,708","2,813","3,010","3,160","3,167","3,183","3,221","3,158","3,016","3,025","2,927","2,899","3,144","3,351"
South East ,E07000085,East Hampshire,"1,683","1,765","1,834","1,893","1,962","2,007","2,047","2,164","2,234","2,307","2,405","2,344","2,447","2,558","2,626","2,615","2,675","2,770","2,750","2,879","2,986","3,201","3,035","3,203","3,448","3,562"
South East ,E07000091,New Forest,"2,772","2,769","2,905","3,088","3,143","3,345","3,528","3,608","3,669","3,809","3,882","3,798","4,022","4,112","4,131","4,387","4,420","4,613","4,817","4,973","5,180","5,450","5,107","5,467","6,108","6,419"
South East ,E07000093,Test Valley,"2,027","2,049","2,164","2,251","2,297","2,362","2,437","2,554","2,645","2,739","2,843","2,721","2,870","2,982","3,085","3,166","3,338","3,508","3,670","3,716","3,833","4,043","3,877","4,211","4,554","4,894"
South East ,E07000094,Winchester,"2,451","2,555","2,702","2,827","2,921","3,014","3,211","3,425","3,558","3,819","3,973","3,937","4,110","4,248","4,489","4,673","5,036","5,378","5,553","5,967","5,921","6,120","5,523","6,125","6,392","6,798"
South East ,E07000084,Basingstoke and Deane,"4,157","4,260","4,521","4,716","4,981","5,110","5,355","5,638","5,754","6,028","6,256","6,417","6,640","6,820","7,033","7,400","7,399","7,124","7,139","7,229","7,504","7,982","7,475","7,936","8,611","8,734"
South East ,E07000089,Hart,"1,741","1,808","2,005","2,177","2,344","2,386","2,495","2,606","2,699","2,920","2,999","2,821","2,994","3,094","3,096","3,394","3,470","3,777","3,976","3,330","3,473","3,711","3,397","3,570","3,827","4,028"
South East ,E07000092,Rushmoor,"1,650","1,680","1,786","1,964","2,081","2,174","2,321","2,443","2,540","2,746","2,898","2,868","3,041","3,154","3,235","3,308","3,370","3,545","3,922","5,077","5,734","6,565","6,733","7,172","7,280","8,263"
South East ,E06000035,Medway,"2,938","3,030","3,085","3,237","3,404","3,619","3,810","4,048","4,240","4,417","4,670","4,525","4,743","4,912","5,160","5,355","5,473","5,634","5,893","6,208","6,373","6,794","6,762","6,875","7,748","8,641"
South East ,E07000107,Dartford,"1,892","1,976","2,027","2,096","2,248","2,399","2,495","2,657","2,744","2,859","3,043","2,896","2,965","3,088","3,234","3,389","3,719","4,027","4,368","4,220","4,268","4,340","4,018","4,351","4,489","4,884"
South East ,E07000109,Gravesham,948,974,991,"1,038","1,102","1,145","1,184","1,239","1,266","1,329","1,431","1,358","1,432","1,472","1,571","1,622","1,672","1,754","1,856","1,901","1,971","2,116","2,071","2,235","2,491","2,572"
South East ,E07000113,Swale,"1,830","1,885","1,916","2,016","2,132","2,265","2,319","2,319","2,321","2,422","2,551","2,266","2,437","2,546","2,549","2,644","2,773","2,896","3,069","3,098","3,294","3,647","3,620","3,953","3,895","4,169"
South East ,E07000106,Canterbury,"1,842","1,895","1,946","2,058","2,158","2,294","2,436","2,599","2,685","2,804","2,983","2,896","3,049","3,149","3,188","3,317","3,506","3,495","3,472","3,701","3,881","3,920","3,768","4,151","4,426","4,880"
South East ,E07000108,Dover,"1,488","1,635","1,844","1,873","1,772","1,870","2,081","2,065","1,948","1,965","2,185","1,962","2,088","2,281","2,266","2,296","2,389","2,573","2,592","2,627","2,741","2,823","2,641","2,844","3,424","3,601"
South East ,E07000112,Folkestone and Hythe,"1,189","1,233","1,276","1,282","1,339","1,423","1,491","1,634","1,726","1,806","1,907","1,853","1,892","1,973","2,040","2,097","2,111","2,252","2,423","2,560","2,530","2,596","2,434","2,403","2,861","3,165"
South East ,E07000114,Thanet,"1,208","1,264","1,293","1,336","1,407","1,499","1,570","1,677","1,725","1,791","1,919","1,807","1,881","1,928","1,947","2,025","2,092","2,174","2,288","2,411","2,498","2,574","2,459","2,605","2,864","3,024"
South East ,E07000105,Ashford,"1,658","1,739","1,791","1,857","1,935","2,002","2,110","2,258","2,380","2,488","2,609","2,463","2,566","2,649","2,795","2,834","3,043","3,166","3,238","3,310","3,431","3,676","3,479","3,640","3,994","4,433"
South East ,E07000110,Maidstone,"2,253","2,312","2,400","2,515","2,620","2,794","2,935","3,060","3,169","3,350","3,547","3,376","3,545","3,676","3,666","3,828","3,998","4,201","4,368","4,529","4,778","5,114","5,039","5,356","5,854","6,223"
South East ,E07000111,Sevenoaks,"1,885","1,938","1,985","2,093","2,176","2,297","2,418","2,597","2,690","2,803","2,876","2,692","2,840","3,011","3,224","3,468","3,595","3,880","4,180","4,309","4,604","4,599","4,408","4,775","5,048","5,640"
South East ,E07000115,Tonbridge and Malling,"2,334","2,502","2,633","2,679","2,779","2,890","3,008","3,199","3,365","3,548","3,701","3,592","3,770","3,830","3,907","4,077","4,108","4,164","4,365","4,626","4,969","5,484","5,393","5,660","5,882","6,004"
South East ,E07000116,Tunbridge Wells,"1,997","2,050","2,034","2,124","2,168","2,253","2,395","2,613","2,677","2,736","2,906","2,892","3,014","3,191","3,188","3,217","3,281","3,617","3,898","3,993","3,882","3,933","3,719","3,908","4,232","4,513"
South West ,E06000052,Cornwall,"5,578","5,782","6,114","6,426","6,930","7,509","7,809","8,306","8,864","9,086","9,518","9,007","9,229","9,591","9,963","10,354","10,701","10,911","11,498","12,406","12,928","13,450","12,445","14,345","15,654","16,541"
South West ,E06000053,Isles of Scilly,35,37,40,40,43,48,49,51,58,55,57,56,56,62,63,65,62,68,71,78,80,77,64,71,82,74
South West ,E06000026,Plymouth,"3,123","3,296","3,350","3,530","3,677","3,900","4,276","4,417","4,690","4,773","4,978","4,863","5,078","5,286","5,463","5,620","5,790","5,980","6,180","6,357","6,563","6,694","6,206","7,131","7,662","8,182"
South West ,E06000027,Torbay,"1,323","1,406","1,439","1,499","1,557","1,635","1,813","1,889","1,983","2,023","2,064","1,971","2,056","2,084","2,111","2,193","2,231","2,234","2,267","2,289","2,262","2,349","2,218","2,606","2,798","2,996"
South West ,E07000040,East Devon,"1,593","1,678","1,718","1,758","1,836","1,927","2,104","2,209","2,301","2,324","2,393","2,337","2,438","2,562","2,687","2,667","2,846","2,872","2,886","3,052","3,151","3,382","3,193","3,690","4,091","4,405"
South West ,E07000041,Exeter,"2,494","2,618","2,709","2,868","3,045","3,282","3,600","3,760","3,986","4,137","4,279","4,272","4,399","4,375","4,530","4,925","4,857","5,153","5,388","5,794","5,824","6,065","5,688","6,539","6,761","7,336"
South West ,E07000042,Mid Devon,821,847,870,896,936,954,"1,015","1,047","1,096","1,107","1,146","1,105","1,172","1,213","1,227","1,286","1,369","1,428","1,447","1,533","1,625","1,650","1,505","1,746","1,994","2,093"
South West ,E07000043,North Devon,"1,171","1,276","1,316","1,357","1,435","1,519","1,615","1,685","1,810","1,847","1,902","1,858","1,977","2,036","2,080","2,127","2,188","2,323","2,407","2,467","2,541","2,611","2,374","2,798","3,174","3,299"
South West ,E07000044,South Hams,"1,216","1,268","1,307","1,372","1,436","1,533","1,638","1,706","1,789","1,808","1,858","1,765","1,867","1,965","1,965","2,002","2,132","2,170","2,192","2,234","2,330","2,339","2,183","2,580","2,797","2,985"
South West ,E07000045,Teignbridge,"1,295","1,353","1,406","1,447","1,529","1,614","1,723","1,785","1,875","1,884","1,928","1,835","1,964","2,030","2,123","2,213","2,423","2,512","2,623","2,778","2,772","2,844","2,537","3,053","3,369","3,542"
South West ,E07000046,Torridge,613,634,649,671,714,746,801,829,872,871,913,878,923,964,"1,003","1,022","1,088","1,062","1,079","1,141","1,150","1,167","1,078","1,249","1,454","1,542"
South West ,E07000047,West Devon,531,551,562,583,622,647,693,726,764,771,792,753,792,814,804,842,885,900,925,955,962,948,895,"1,042","1,110","1,195"
South West ,E06000023,"Bristol, City of","6,911","7,238","7,644","8,243","8,594","9,001","9,574","9,878","10,351","11,172","11,686","11,875","12,494","12,586","13,143","13,399","14,074","14,717","15,675","16,769","16,670","17,534","16,769","19,190","20,651","22,772"
South West ,E06000022,Bath and North East Somerset,"2,523","2,641","2,804","2,946","3,110","3,250","3,376","3,496","3,639","3,795","3,940","3,829","4,050","4,120","4,204","4,178","4,377","4,453","4,589","4,697","4,833","5,141","4,818","5,389","5,775","6,335"
South West ,E06000025,South Gloucestershire,"5,227","5,542","5,897","6,363","6,694","7,103","7,497","7,794","8,166","8,515","8,954","8,818","9,137","9,472","10,054","10,272","11,160","11,204","11,811","12,085","12,658","13,192","12,999","14,471","16,164","18,002"
South West ,E06000024,North Somerset,"2,518","2,632","2,743","2,874","2,998","3,141","3,303","3,404","3,505","3,660","3,773","3,609","3,777","3,866","4,006","4,206","4,453","4,585","4,846","4,905","5,080","5,293","5,041","5,671","6,018","6,580"
South West ,E06000066,Somerset,"6,918","7,328","7,706","7,824","8,135","8,507","8,986","9,530","10,004","10,185","10,603","10,306","10,590","10,913","11,126","11,278","12,027","12,232","12,462","13,376","13,928","14,331","13,858","14,723","16,064","17,717"
South West ,E06000058,"Bournemouth, Christchurch and Poole","5,395","5,715","5,992","6,195","6,357","6,783","7,147","7,609","7,987","8,317","8,707","8,555","8,711","8,912","9,047","9,572","9,915","10,116","10,705","11,578","11,609","12,143","11,599","12,673","13,798","14,969"
South West ,E06000059,Dorset,"4,689","5,018","5,352","5,358","5,514","5,695","5,928","6,282","6,528","6,684","7,121","6,783","7,066","7,185","7,394","7,593","7,953","7,984","8,156","8,568","9,176","9,501","9,028","9,921","10,962","11,380"
South West ,E06000030,Swindon,"4,266","4,441","4,610","5,039","5,310","5,721","5,999","6,375","6,845","7,542","8,012","7,952","8,102","8,024","8,103","8,381","9,115","9,476","9,641","9,886","10,638","11,021","10,075","10,781","12,878","13,650"
South West ,E06000054,Wiltshire,"6,510","6,883","7,212","7,741","8,044","8,386","8,788","9,068","9,343","9,835","10,223","9,989","10,581","10,924","11,346","11,676","12,365","12,358","12,735","13,119","13,566","14,055","13,393","14,931","16,111","17,265"
South West ,E07000078,Cheltenham,"1,772","1,861","1,987","2,135","2,216","2,313","2,445","2,517","2,590","2,706","2,848","2,815","3,052","3,051","2,996","3,064","3,298","3,357","3,489","3,636","3,757","3,960","3,854","4,281","4,491","4,948"
South West ,E07000079,Cotswold,"1,867","1,998","2,058","2,164","2,193","2,302","2,468","2,743","2,780","2,924","2,913","3,013","3,161","3,026","2,969","3,157","3,309","3,171","3,488","3,777","4,076","4,258","3,824","4,159","4,487","4,885"
South West ,E07000080,Forest of Dean,"1,250","1,264","1,319","1,397","1,386","1,440","1,408","1,456","1,531","1,630","1,689","1,583","1,666","1,761","1,898","1,840","1,962","1,928","1,741","1,862","2,030","2,487","2,506","2,526","2,483","2,315"
South West ,E07000081,Gloucester,"1,782","1,856","1,937","2,066","2,203","2,323","2,444","2,522","2,642","2,784","2,867","2,859","3,009","3,007","3,190","3,230","3,418","3,525","3,524","3,666","3,584","3,698","3,627","3,889","3,986","4,424"
South West ,E07000082,Stroud,"1,622","1,696","1,747","1,810","1,823","1,883","1,954","2,013","2,016","2,120","2,174","2,070","2,295","2,373","2,473","2,582","2,645","2,672","2,913","3,065","3,171","3,302","2,997","3,361","3,626","3,699"
South West ,E07000083,Tewkesbury,"1,653","1,695","1,761","1,854","1,943","2,030","2,125","2,172","2,227","2,313","2,368","2,325","2,446","2,553","2,665","2,906","3,010","3,206","3,090","3,494","3,404","3,581","3,273","3,808","4,196","4,510"
Wales,W06000001,Isle of Anglesey,671,685,714,740,767,839,943,970,"1,001","1,013","1,022",945,955,"1,018","1,044","1,062","1,078","1,139","1,209","1,246","1,296","1,357","1,200","1,350","1,599","1,682"
Wales,W06000002,Gwynedd,"1,506","1,508","1,562","1,613","1,740","1,879","1,973","2,115","2,260","2,313","2,343","2,255","2,259","2,361","2,421","2,541","2,547","2,603","2,614","2,765","2,816","2,903","2,591","2,856","3,069","3,312"
Wales,W06000003,Conwy,"1,073","1,099","1,141","1,187","1,255","1,335","1,404","1,470","1,538","1,563","1,568","1,495","1,573","1,654","1,693","1,813","1,888","1,956","2,034","2,202","2,226","2,291","2,112","2,195","2,351","2,624"
Wales,W06000004,Denbighshire,"1,060","1,077","1,128","1,184","1,276","1,352","1,440","1,504","1,572","1,606","1,636","1,570","1,631","1,702","1,699","1,805","1,870","1,896","1,990","2,091","2,158","2,218","2,153","2,327","2,561","2,736"
Wales,W06000005,Flintshire,"2,296","2,327","2,443","2,487","2,519","2,647","2,755","2,862","3,069","3,116","3,289","3,197","3,384","3,764","3,988","4,122","4,135","4,307","4,560","4,677","4,911","5,036","4,759","5,052","5,590","6,241"
Wales,W06000006,Wrexham,"1,923","1,928","2,038","2,103","2,143","2,277","2,416","2,530","2,665","2,780","2,750","2,752","2,895","3,020","3,115","3,256","3,198","3,286","3,310","3,393","3,600","3,777","3,665","4,066","4,380","4,882"
Wales,W06000008,Ceredigion,826,839,880,928,991,"1,053","1,111","1,152","1,220","1,248","1,266","1,245","1,288","1,365","1,350","1,401","1,376","1,430","1,475","1,518","1,588","1,601","1,520","1,602","1,815","1,971"
Wales,W06000023,Powys,"1,403","1,444","1,537","1,603","1,671","1,811","1,889","1,937","2,006","2,078","2,023","1,986","2,060","2,151","2,247","2,315","2,387","2,500","2,564","2,597","2,666","2,701","2,578","2,713","2,942","3,216"
Wales,W06000009,Pembrokeshire,"1,356","1,318","1,336","1,453","1,472","1,610","1,935","1,899","1,853","2,066","2,064","1,873","1,961","1,972","2,067","2,281","2,285","2,737","2,746","2,905","2,818","3,092","2,619","2,826","3,452","3,444"
Wales,W06000010,Carmarthenshire,"1,931","1,953","2,029","2,107","2,211","2,338","2,454","2,597","2,739","2,824","2,864","2,702","2,798","2,926","3,082","3,245","3,361","3,475","3,623","3,665","3,823","4,044","3,817","4,045","4,639","4,983"
Wales,W06000011,Swansea,"2,923","2,987","3,105","3,283","3,427","3,653","3,961","4,205","4,394","4,574","4,722","4,712","4,741","4,916","5,006","5,146","5,557","5,483","5,748","5,999","6,323","6,517","6,056","6,284","6,766","7,302"
Wales,W06000012,Neath Port Talbot,"1,580","1,613","1,675","1,616","1,625","1,669","1,714","1,800","1,977","2,046","2,101","2,011","2,213","2,251","2,301","2,420","2,487","2,579","2,701","2,777","2,848","3,034","2,789","3,067","3,141","3,364"
Wales,W06000013,Bridgend,"1,819","1,850","1,937","1,974","2,085","2,238","2,344","2,453","2,586","2,665","2,724","2,569","2,728","2,845","2,869","3,021","3,201","3,203","3,245","3,451","3,617","3,905","3,629","3,810","4,045","4,231"
Wales,W06000016,Rhondda Cynon Taf,"2,401","2,453","2,509","2,546","2,709","2,831","2,950","3,108","3,323","3,411","3,530","3,634","3,900","4,067","4,188","4,390","4,584","4,522","4,765","4,860","4,949","5,094","4,799","5,009","5,598","5,925"
Wales,W06000024,Merthyr Tydfil,627,645,687,709,740,793,871,939,969,998,"1,012",996,"1,008","1,063","1,063","1,074","1,082","1,110","1,143","1,198","1,246","1,258","1,195","1,236","1,279","1,438"
Wales,W06000014,Vale of Glamorgan,"1,296","1,348","1,413","1,489","1,574","1,683","1,683","1,758","1,859","1,880","1,864","1,861","1,879","1,944","2,071","2,196","2,224","2,354","2,407","2,395","2,405","2,494","2,215","2,346","2,627","2,820"
Wales,W06000015,Cardiff,"5,646","6,071","6,366","6,597","6,967","7,453","7,899","8,365","8,843","9,541","9,476","9,601","9,702","10,116","10,587","10,826","11,202","11,437","12,152","12,647","12,958","13,630","13,395","14,237","15,407","16,749"
Wales,W06000018,Caerphilly,"1,743","1,765","1,841","1,876","1,928","2,016","2,113","2,199","2,305","2,351","2,384","2,349","2,443","2,613","2,661","2,780","2,868","3,020","3,205","3,318","3,426","3,581","3,402","3,643","3,678","3,850"
Wales,W06000019,Blaenau Gwent,628,632,662,671,690,708,745,783,814,830,829,792,836,888,925,936,935,973,975,"1,046","1,105","1,118","1,052","1,159","1,268","1,439"
Wales,W06000020,Torfaen,"1,038","1,051","1,116","1,132","1,188","1,285","1,354","1,422","1,506","1,508","1,506","1,440","1,512","1,599","1,585","1,673","1,716","1,689","1,676","1,760","1,883","2,022","1,871","1,943","2,145","2,316"
Wales,W06000021,Monmouthshire,"1,103","1,176","1,277","1,325","1,387","1,473","1,559","1,631","1,720","1,777","1,802","1,729","1,772","1,851","1,925","1,962","2,057","2,165","2,145","2,183","2,302","2,387","2,338","2,387","2,607","2,867"
Wales,W06000022,Newport,"2,235","2,321","2,457","2,513","2,571","2,784","2,954","3,058","3,217","3,360","3,245","3,188","3,341","3,480","3,563","3,540","3,544","3,674","4,036","4,205","4,574","4,700","4,389","4,591","5,037","5,377"
Scotland,S12000005,Clackmannanshire,504,527,544,549,576,618,655,697,752,811,833,805,808,845,849,856,951,997,"1,038","1,073","1,187","1,247","1,163","1,297","1,464","1,398"
Scotland,S12000047,Fife,"4,378","4,464","4,630","4,785","4,996","5,253","5,494","5,745","6,236","6,469","6,707","6,457","6,609","6,766","7,005","7,312","7,643","7,795","8,046","8,320","8,249","8,607","8,367","9,023","9,760","10,250"
Scotland,S12000030,Stirling,"1,437","1,500","1,596","1,712","1,784","1,930","2,018","2,151","2,235","2,398","2,379","2,394","2,365","2,421","2,487","2,585","2,592","2,593","2,608","2,769","2,733","2,941","2,743","3,063","3,239","3,509"
Scotland,S12000048,Perth and Kinross,"2,366","2,286","2,270","2,328","2,506","2,656","2,802","2,947","3,319","3,430","3,474","3,605","3,540","3,649","3,941","4,200","4,398","4,594","4,610","4,779","4,806","4,962","4,401","4,523","4,996","5,440"
Scotland,S12000041,Angus,"1,236","1,267","1,315","1,345","1,389","1,462","1,502","1,581","1,752","1,832","1,870","1,794","1,838","1,892","1,922","2,030","2,172","2,114","2,229","2,271","2,355","2,519","2,277","2,556","2,848","2,976"
Scotland,S12000042,Dundee City,"2,083","2,107","2,263","2,359","2,461","2,626","2,768","2,869","2,973","3,096","3,154","3,115","3,193","3,320","3,400","3,497","3,609","3,677","3,692","3,806","3,911","4,105","3,897","4,194","4,457","4,905"
Scotland,S12000010,East Lothian,901,920,953,989,"1,056","1,126","1,183","1,229","1,349","1,406","1,423","1,376","1,419","1,483","1,529","1,655","1,756","1,795","1,880","1,993","2,094","2,190","2,036","2,237","2,519","2,793"
Scotland,S12000019,Midlothian,788,823,881,913,948,997,"1,060","1,093","1,116","1,161","1,208","1,166","1,207","1,276","1,324","1,430","1,520","1,614","1,660","1,741","1,844","1,931","1,848","2,046","2,254","2,392"
Scotland,S12000014,Falkirk,"2,330","2,322","2,401","2,497","2,587","2,793","2,961","3,162","3,363","3,437","3,668","3,575","3,656","3,659","3,654","3,773","3,918","4,071","4,086","4,223","4,382","4,587","4,339","4,686","4,945","5,120"
Scotland,S12000036,City of Edinburgh,"10,433","10,603","11,427","12,317","13,194","14,264","15,557","16,442","17,311","18,251","18,196","18,938","19,029","19,186","20,023","20,835","21,618","22,104","24,038","25,608","26,436","27,676","25,982","28,944","32,892","36,528"
Scotland,S12000040,West Lothian,"2,565","2,653","2,711","2,809","2,963","3,141","3,344","3,478","3,711","3,892","4,020","3,841","3,994","4,211","4,286","4,219","4,425","4,699","4,802","5,024","5,289","5,449","5,291","5,842","6,516","7,003"
Scotland,S12000021,North Ayrshire,"1,482","1,554","1,613","1,650","1,654","1,755","1,806","1,932","2,070","2,115","2,189","2,112","2,164","2,200","2,292","2,420","2,497","2,494","2,555","2,619","2,652","2,782","2,718","2,914","3,171","3,488"
Scotland,S12000013,Na h-Eileanan Siar,288,309,318,344,348,382,414,442,456,469,496,487,514,542,546,545,561,553,555,577,600,654,629,664,672,734
Scotland,S12000023,Orkney Islands,295,314,333,352,355,388,427,466,475,493,522,522,540,584,604,585,597,617,606,616,579,629,581,626,712,769
Scotland,S12000027,Shetland Islands,415,429,428,449,458,480,525,557,586,597,641,686,692,756,767,802,854,808,780,835,828,892,815,839,871,939
Scotland,S12000035,Argyll and Bute,"1,148","1,213","1,258","1,338","1,366","1,479","1,592","1,734","1,792","1,847","1,934","1,912","1,917","2,029","2,058","2,078","2,128","2,109","2,153","2,298","2,313","2,448","2,268","2,443","2,664","2,903"
Scotland,S12000017,Highland,"2,990","3,153","3,280","3,421","3,494","3,834","4,135","4,406","4,595","4,755","4,954","4,820","5,117","5,441","5,626","5,913","6,124","6,202","6,343","6,790","6,947","7,251","6,673","7,052","7,867","8,455"
Scotland,S12000020,Moray,"1,182","1,221","1,258","1,289","1,335","1,444","1,533","1,622","1,715","1,826","2,016","2,005","2,020","2,126","2,112","2,186","2,219","2,264","2,241","2,450","2,513","2,606","2,507","2,675","2,937","3,198"
Scotland,S12000039,West Dunbartonshire,992,"1,020","1,071","1,150","1,194","1,254","1,353","1,440","1,532","1,550","1,630","1,583","1,606","1,675","1,643","1,657","1,767","1,800","1,945","2,036","2,141","2,227","2,042","2,239","2,445","2,830"
Scotland,S12000045,East Dunbartonshire,911,942,967,"1,010","1,037","1,097","1,142","1,211","1,263","1,265","1,290","1,232","1,232","1,296","1,343","1,405","1,519","1,569","1,600","1,720","1,769","1,813","1,628","1,826","2,014","2,109"
Scotland,S12000049,Glasgow City,"11,620","12,030","12,479","13,250","13,492","14,233","15,469","16,668","17,584","18,210","18,798","18,648","18,379","19,065","19,415","20,368","21,003","21,211","21,651","22,854","23,336","24,575","23,661","26,080","29,074","31,757"
Scotland,S12000011,East Renfrewshire,701,728,765,794,824,867,910,921,956,965,"1,019",964,983,"1,023","1,080","1,159","1,236","1,276","1,313","1,390","1,408","1,413","1,364","1,510","1,636","1,784"
Scotland,S12000038,Renfrewshire,"2,618","2,659","2,803","2,932","3,025","3,127","3,296","3,443","3,628","3,594","3,788","3,623","3,649","3,835","3,908","4,107","4,484","4,617","4,577","4,871","5,046","5,220","4,949","5,531","5,617","5,934"
Scotland,S12000018,Inverclyde,930,916,970,"1,042","1,096","1,150","1,241","1,285","1,311","1,319","1,385","1,352","1,340","1,412","1,456","1,422","1,516","1,525","1,539","1,533","1,458","1,426","1,259","1,386","1,409","1,531"
Scotland,S12000050,North Lanarkshire,"4,330","4,377","4,526","4,803","4,997","5,292","5,595","5,921","6,250","6,360","6,725","6,501","6,561","6,773","6,942","7,240","7,997","8,087","8,323","8,907","9,142","9,538","9,122","9,857","10,549","11,687"
Scotland,S12000033,Aberdeen City,"5,427","5,462","5,576","6,016","6,272","6,385","6,740","7,114","8,091","9,068","10,061","9,834","10,275","10,598","11,385","12,126","12,359","11,843","10,744","10,442","10,778","11,163","9,928","10,118","11,141","11,976"
Scotland,S12000034,Aberdeenshire,"3,564","3,571","3,691","3,950","4,124","4,172","4,409","4,708","5,281","5,832","6,280","6,101","6,252","6,607","6,738","7,347","8,050","8,010","7,719","7,978","7,800","7,694","6,948","7,239","7,798","8,224"
Scotland,S12000026,Scottish Borders,"1,460","1,460","1,507","1,575","1,640","1,703","1,743","1,846","1,967","2,005","2,077","2,019","2,076","2,161","2,204","2,307","2,478","2,532","2,547","2,671","2,788","2,870","2,708","2,925","3,054","3,206"
Scotland,S12000006,Dumfries and Galloway,"2,090","2,172","2,302","2,449","2,504","2,655","2,742","2,885","3,039","3,080","3,247","3,150","3,136","3,286","3,366","3,532","3,695","3,697","3,768","3,973","3,959","4,163","3,904","4,126","4,338","4,665"
Scotland,S12000008,East Ayrshire,"1,242","1,290","1,343","1,429","1,468","1,522","1,596","1,730","1,847","1,908","1,991","1,940","1,957","2,003","2,035","2,054","2,113","2,162","2,194","2,349","2,317","2,356","2,241","2,423","2,555","2,779"
Scotland,S12000028,South Ayrshire,"1,544","1,582","1,693","1,764","1,837","1,900","2,015","2,123","2,245","2,239","2,334","2,296","2,366","2,434","2,438","2,456","2,581","2,632","2,665","2,790","2,862","2,917","2,587","2,760","3,069","3,361"
Scotland,S12000029,South Lanarkshire,"3,968","4,047","4,139","4,353","4,543","4,831","5,092","5,446","5,901","6,024","6,336","6,218","6,258","6,423","6,628","6,944","7,225","7,295","7,466","7,910","7,900","8,143","7,612","8,044","8,764","9,543"
Northern Ireland,N09000003,Belfast,"6,120","6,509","7,007","7,391","7,691","8,433","8,951","9,464","9,986","10,469","10,635","10,592","10,372","10,758","11,013","11,643","11,792","12,238","13,076","13,911","14,302","14,855","14,074","16,124","17,673","19,651"
Northern Ireland,N09000002,"Armagh City, Banbridge and Craigavon","1,920","2,023","2,162","2,320","2,386","2,543","2,668","2,841","3,029","3,226","3,238","3,114","3,198","3,329","3,417","3,622","3,794","3,939","4,220","4,384","4,612","4,852","4,570","5,072","5,478","6,119"
Northern Ireland,N09000010,"Newry, Mourne and Down","1,547","1,649","1,776","1,875","1,935","2,076","2,181","2,324","2,472","2,561","2,624","2,499","2,529","2,688","2,796","2,936","3,108","3,187","3,380","3,508","3,632","3,862","3,661","3,990","4,342","4,727"
Northern Ireland,N09000011,Ards and North Down,"1,274","1,346","1,434","1,511","1,569","1,676","1,726","1,851","1,974","2,050","2,074","1,964","1,975","2,078","2,139","2,102","2,190","2,216","2,407","2,541","2,621","2,706","2,590","2,805","2,998","3,216"
Northern Ireland,N09000005,Derry City and Strabane,"1,507","1,588","1,656","1,722","1,774","1,980","2,031","2,213","2,377","2,399","2,479","2,451","2,455","2,544","2,644","2,689","2,742","2,793","2,975","3,149","3,209","3,442","3,403","3,663","4,020","4,255"
Northern Ireland,N09000009,Mid Ulster,"1,733","1,848","2,018","2,091","2,140","2,358","2,447","2,623","2,780","2,921","2,829","2,560","2,710","2,791","2,851","3,047","3,207","3,335","3,502","3,644","3,915","4,213","3,863","4,322","4,834","5,215"
Northern Ireland,N09000004,Causeway Coast and Glens,"1,330","1,415","1,555","1,586","1,637","1,772","1,836","1,950","2,087","2,152","2,154","2,069","2,123","2,243","2,303","2,326","2,364","2,377","2,537","2,652","2,634","2,729","2,533","2,844","3,087","3,329"
Northern Ireland,N09000001,Antrim and Newtownabbey,"1,835","1,943","2,082","2,193","2,256","2,369","2,468","2,578","2,742","2,904","2,867","2,740","2,812","2,937","3,006","3,017","3,205","3,306","3,433","3,637","3,707","3,918","3,850","4,121","4,334","4,838"
Northern Ireland,N09000007,Lisburn and Castlereagh,"1,646","1,741","1,872","1,985","2,038","2,181","2,248","2,392","2,537","2,645","2,647","2,587","2,619","2,718","2,833","2,913","3,015","3,150","3,311","3,414","3,616","3,841","3,610","4,008","4,388","4,850"
Northern Ireland,N09000008,Mid and East Antrim,"2,126","2,228","2,431","2,361","2,431","2,483","2,636","2,642","2,768","2,821","2,943","3,110","3,081","2,958","3,327","3,319","3,273","3,597","3,532","3,229","2,809","2,947","2,811","3,056","3,316","3,680"
Northern Ireland,N09000006,Fermanagh and Omagh,"1,245","1,314","1,394","1,464","1,518","1,634","1,717","1,862","1,976","2,023","2,033","1,955","1,963","2,013","2,129","2,049","2,183","2,209","2,350","2,489","2,590","2,712","2,622","2,866","3,089","3,386"